transaction_id,account_id,customer_email,transaction_date,amount,currency,country,status,remarks
,AC000001,user1@bank.com,1/1/2024,1000,USD,US,SUCCESS,OK
TXN2,AC000002,user2@bank.com,1/1/2024,1001,USD,US,SUCCESS,
TXN3,AC000003,bademail.com,1/1/2024,1002,USD,US,SUCCESS,OK
TXN4,AC000004,user4@bank.com,2024/31/12,1003,USD,US,SUCCESS,OK
TXN5,AC000005,user5@bank.com,1/1/2024,"12,000$",USD,US,SUCCESS,OK
TXN6,AC000006,user6@bank.com,31-12-2024,1005,USD,US,SUCCESS,OK
TXN7,AC000007,user7@bank.com,1/1/2024,1006,USD,US,SUCCESS,OK
TXN8,AC000008,user8@bank.com,1/1/2024,1007,USD,US,SUCCESS,OK
TXN9,AC000009,user9@bank.com,1/1/2024,1008,USD,US,SUCCESS,OK
TXN10,AC000010,user10@bank.com,1/1/2024,1009,USD,US,SUCCESS,OK
TXN11,AC000011,user11@bank.com,1/1/2024,1010,USD,US,SUCCESS,OK
TXN12,AC000012,user12@bank.com,1/1/2024,1011,USD,US,SUCCESS,OK
TXN13,AC000013,user13@bank.com,1/1/2024,1012,USD,US,SUCCESS,OK
TXN14,AC000014,user14@bank.com,1/1/2024,1013,USD,US,SUCCESS,OK
TXN15,AC000015,user15@bank.com,1/1/2024,1014,USD,US,SUCCESS,OK
TXN16,AC000016,user16@bank.com,1/1/2024,1015,USD,US,SUCCESS,OK
TXN17,AC000017,user17@bank.com,1/1/2024,1016,USD,US,SUCCESS,OK
TXN18,AC000018,user18@bank.com,1/1/2024,1017,USD,US,SUCCESS,OK
TXN19,AC000019,user19@bank.com,1/1/2024,1018,USD,US,SUCCESS,OK
TXN20,AC000020,user20@bank.com,1/1/2024,1019,USD,US,SUCCESS,OK
TXN21,AC000021,user21@bank.com,1/1/2024,1020,USD,US,SUCCESS,OK
TXN22,AC000022,user22@bank.com,1/1/2024,1021,USD,US,SUCCESS,OK
TXN23,AC000023,user23@bank.com,1/1/2024,1022,USD,US,SUCCESS,OK
TXN24,AC000024,user24@bank.com,1/1/2024,1023,USD,US,SUCCESS,OK
TXN25,AC000025,user25@bank.com,1/1/2024,1024,USD,US,SUCCESS,OK
TXN26,AC000026,user26@bank.com,1/1/2024,1025,USD,US,SUCCESS,OK
TXN27,AC000027,user27@bank.com,1/1/2024,1026,USD,US,SUCCESS,OK
TXN28,AC000028,user28@bank.com,1/1/2024,1027,USD,US,SUCCESS,OK
TXN29,AC000029,user29@bank.com,1/1/2024,1028,USD,US,SUCCESS,OK
TXN30,AC000030,user30@bank.com,1/1/2024,1029,USD,US,SUCCESS,OK
TXN31,AC000031,user31@bank.com,1/1/2024,1030,USD,US,SUCCESS,OK
TXN32,AC000032,user32@bank.com,1/1/2024,1031,USD,US,SUCCESS,OK
TXN33,AC000033,user33@bank.com,1/1/2024,1032,USD,US,SUCCESS,OK
TXN34,AC000034,user34@bank.com,1/1/2024,1033,USD,US,SUCCESS,OK
TXN35,AC000035,user35@bank.com,1/1/2024,1034,USD,US,SUCCESS,OK
TXN36,AC000036,user36@bank.com,1/1/2024,1035,USD,US,SUCCESS,OK
TXN37,AC000037,user37@bank.com,1/1/2024,1036,USD,US,SUCCESS,OK
TXN38,AC000038,user38@bank.com,1/1/2024,1037,USD,US,SUCCESS,OK
TXN39,AC000039,user39@bank.com,1/1/2024,1038,USD,US,SUCCESS,OK
TXN40,AC000040,user40@bank.com,1/1/2024,1039,USD,US,SUCCESS,OK
TXN41,AC000041,user41@bank.com,1/1/2024,1040,USD,US,SUCCESS,OK
TXN42,AC000042,user42@bank.com,1/1/2024,1041,USD,US,SUCCESS,OK
TXN43,AC000043,user43@bank.com,1/1/2024,1042,USD,US,SUCCESS,OK
TXN44,AC000044,user44@bank.com,1/1/2024,1043,USD,US,SUCCESS,OK
TXN45,AC000045,user45@bank.com,1/1/2024,1044,USD,US,SUCCESS,OK
TXN46,AC000046,user46@bank.com,1/1/2024,1045,USD,US,SUCCESS,OK
TXN47,AC000047,user47@bank.com,1/1/2024,1046,USD,US,SUCCESS,OK
TXN48,AC000048,user48@bank.com,1/1/2024,1047,USD,US,SUCCESS,OK
TXN49,AC000049,user49@bank.com,1/1/2024,1048,USD,US,SUCCESS,OK
TXN50,AC000050,user50@bank.com,1/1/2024,1049,USD,US,SUCCESS,OK
TXN51,AC000051,user51@bank.com,1/1/2024,1050,USD,US,SUCCESS,OK
TXN52,AC000052,user52@bank.com,1/1/2024,1051,USD,US,SUCCESS,OK
TXN53,AC000053,user53@bank.com,1/1/2024,1052,USD,US,SUCCESS,OK
TXN54,AC000054,user54@bank.com,1/1/2024,1053,USD,US,SUCCESS,OK
TXN55,AC000055,user55@bank.com,1/1/2024,1054,USD,US,SUCCESS,OK
TXN56,AC000056,user56@bank.com,1/1/2024,1055,USD,US,SUCCESS,OK
TXN57,AC000057,user57@bank.com,1/1/2024,1056,USD,US,SUCCESS,OK
TXN58,AC000058,user58@bank.com,1/1/2024,1057,USD,US,SUCCESS,OK
TXN59,AC000059,user59@bank.com,1/1/2024,1058,USD,US,SUCCESS,OK
TXN60,AC000060,user60@bank.com,1/1/2024,1059,USD,US,SUCCESS,OK
TXN61,AC000061,user61@bank.com,1/1/2024,1060,USD,US,SUCCESS,OK
TXN62,AC000062,user62@bank.com,1/1/2024,1061,USD,US,SUCCESS,OK
TXN63,AC000063,user63@bank.com,1/1/2024,1062,USD,US,SUCCESS,OK
TXN64,AC000064,user64@bank.com,1/1/2024,1063,USD,US,SUCCESS,OK
TXN65,AC000065,user65@bank.com,1/1/2024,1064,USD,US,SUCCESS,OK
TXN66,AC000066,user66@bank.com,1/1/2024,1065,USD,US,SUCCESS,OK
TXN67,AC000067,user67@bank.com,1/1/2024,1066,USD,US,SUCCESS,OK
TXN68,AC000068,user68@bank.com,1/1/2024,1067,USD,US,SUCCESS,OK
TXN69,AC000069,user69@bank.com,1/1/2024,1068,USD,US,SUCCESS,OK
TXN70,AC000070,user70@bank.com,1/1/2024,1069,USD,US,SUCCESS,OK
TXN71,AC000071,user71@bank.com,1/1/2024,1070,USD,US,SUCCESS,OK
TXN72,AC000072,user72@bank.com,1/1/2024,1071,USD,US,SUCCESS,OK
TXN73,AC000073,user73@bank.com,1/1/2024,1072,USD,US,SUCCESS,OK
TXN74,AC000074,user74@bank.com,1/1/2024,1073,USD,US,SUCCESS,OK
TXN75,AC000075,user75@bank.com,1/1/2024,1074,USD,US,SUCCESS,OK
TXN76,AC000076,user76@bank.com,1/1/2024,1075,USD,US,SUCCESS,OK
TXN77,AC000077,user77@bank.com,1/1/2024,1076,USD,US,SUCCESS,OK
TXN78,AC000078,user78@bank.com,1/1/2024,1077,USD,US,SUCCESS,OK
TXN79,AC000079,user79@bank.com,1/1/2024,1078,USD,US,SUCCESS,OK
TXN80,AC000080,user80@bank.com,1/1/2024,1079,USD,US,SUCCESS,OK
TXN81,AC000081,user81@bank.com,1/1/2024,1080,USD,US,SUCCESS,OK
TXN82,AC000082,user82@bank.com,1/1/2024,1081,USD,US,SUCCESS,OK
TXN83,AC000083,user83@bank.com,1/1/2024,1082,USD,US,SUCCESS,OK
TXN84,AC000084,user84@bank.com,1/1/2024,1083,USD,US,SUCCESS,OK
TXN85,AC000085,user85@bank.com,1/1/2024,1084,USD,US,SUCCESS,OK
TXN86,AC000086,user86@bank.com,1/1/2024,1085,USD,US,SUCCESS,OK
TXN87,AC000087,user87@bank.com,1/1/2024,1086,USD,US,SUCCESS,OK
TXN88,AC000088,user88@bank.com,1/1/2024,1087,USD,US,SUCCESS,OK
TXN89,AC000089,user89@bank.com,1/1/2024,1088,USD,US,SUCCESS,OK
TXN90,AC000090,user90@bank.com,1/1/2024,1089,USD,US,SUCCESS,OK
TXN91,AC000091,user91@bank.com,1/1/2024,1090,USD,US,SUCCESS,OK
TXN92,AC000092,user92@bank.com,1/1/2024,1091,USD,US,SUCCESS,OK
TXN93,AC000093,user93@bank.com,1/1/2024,1092,USD,US,SUCCESS,OK
TXN94,AC000094,user94@bank.com,1/1/2024,1093,USD,US,SUCCESS,OK
TXN95,AC000095,user95@bank.com,1/1/2024,1094,USD,US,SUCCESS,OK
TXN96,AC000096,user96@bank.com,1/1/2024,1095,USD,US,SUCCESS,OK
TXN97,AC000097,user97@bank.com,1/1/2024,1096,USD,US,SUCCESS,OK
TXN98,AC000098,user98@bank.com,1/1/2024,1097,USD,US,SUCCESS,OK
TXN99,AC000099,user99@bank.com,1/1/2024,1098,USD,US,SUCCESS,OK
TXN100,AC000100,user100@bank.com,1/1/2024,1099,USD,US,SUCCESS,OK
TXN101,AC000101,user101@bank.com,1/1/2024,1100,USD,US,SUCCESS,OK
TXN102,AC000102,user102@bank.com,1/1/2024,1101,USD,US,SUCCESS,OK
TXN103,AC000103,user103@bank.com,1/1/2024,1102,USD,US,SUCCESS,OK
TXN104,AC000104,user104@bank.com,1/1/2024,1103,USD,US,SUCCESS,OK
TXN105,AC000105,user105@bank.com,1/1/2024,1104,USD,US,SUCCESS,OK
TXN106,AC000106,user106@bank.com,1/1/2024,1105,USD,US,SUCCESS,OK
TXN107,AC000107,user107@bank.com,1/1/2024,1106,USD,US,SUCCESS,OK
TXN108,AC000108,user108@bank.com,1/1/2024,1107,USD,US,SUCCESS,OK
TXN109,AC000109,user109@bank.com,1/1/2024,1108,USD,US,SUCCESS,OK
TXN110,AC000110,user110@bank.com,1/1/2024,1109,USD,US,SUCCESS,OK
TXN111,AC000111,user111@bank.com,1/1/2024,1110,USD,US,SUCCESS,OK
TXN112,AC000112,user112@bank.com,1/1/2024,1111,USD,US,SUCCESS,OK
TXN113,AC000113,user113@bank.com,1/1/2024,1112,USD,US,SUCCESS,OK
TXN114,AC000114,user114@bank.com,1/1/2024,1113,USD,US,SUCCESS,OK
TXN115,AC000115,user115@bank.com,1/1/2024,1114,USD,US,SUCCESS,OK
TXN116,AC000116,user116@bank.com,1/1/2024,1115,USD,US,SUCCESS,OK
TXN117,AC000117,user117@bank.com,1/1/2024,1116,USD,US,SUCCESS,OK
TXN118,AC000118,user118@bank.com,1/1/2024,1117,USD,US,SUCCESS,OK
TXN119,AC000119,user119@bank.com,1/1/2024,1118,USD,US,SUCCESS,OK
TXN120,AC000120,user120@bank.com,1/1/2024,1119,USD,US,SUCCESS,OK
TXN121,AC000121,user121@bank.com,1/1/2024,1120,USD,US,SUCCESS,OK
TXN122,AC000122,user122@bank.com,1/1/2024,1121,USD,US,SUCCESS,OK
TXN123,AC000123,user123@bank.com,1/1/2024,1122,USD,US,SUCCESS,OK
TXN124,AC000124,user124@bank.com,1/1/2024,1123,USD,US,SUCCESS,OK
TXN125,AC000125,user125@bank.com,1/1/2024,1124,USD,US,SUCCESS,OK
TXN126,AC000126,user126@bank.com,1/1/2024,1125,USD,US,SUCCESS,OK
TXN127,AC000127,user127@bank.com,1/1/2024,1126,USD,US,SUCCESS,OK
TXN128,AC000128,user128@bank.com,1/1/2024,1127,USD,US,SUCCESS,OK
TXN129,AC000129,user129@bank.com,1/1/2024,1128,USD,US,SUCCESS,OK
TXN130,AC000130,user130@bank.com,1/1/2024,1129,USD,US,SUCCESS,OK
TXN131,AC000131,user131@bank.com,1/1/2024,1130,USD,US,SUCCESS,OK
TXN132,AC000132,user132@bank.com,1/1/2024,1131,USD,US,SUCCESS,OK
TXN133,AC000133,user133@bank.com,1/1/2024,1132,USD,US,SUCCESS,OK
TXN134,AC000134,user134@bank.com,1/1/2024,1133,USD,US,SUCCESS,OK
TXN135,AC000135,user135@bank.com,1/1/2024,1134,USD,US,SUCCESS,OK
TXN136,AC000136,user136@bank.com,1/1/2024,1135,USD,US,SUCCESS,OK
TXN137,AC000137,user137@bank.com,1/1/2024,1136,USD,US,SUCCESS,OK
TXN138,AC000138,user138@bank.com,1/1/2024,1137,USD,US,SUCCESS,OK
TXN139,AC000139,user139@bank.com,1/1/2024,1138,USD,US,SUCCESS,OK
TXN140,AC000140,user140@bank.com,1/1/2024,1139,USD,US,SUCCESS,OK
TXN141,AC000141,user141@bank.com,1/1/2024,1140,USD,US,SUCCESS,OK
TXN142,AC000142,user142@bank.com,1/1/2024,1141,USD,US,SUCCESS,OK
TXN143,AC000143,user143@bank.com,1/1/2024,1142,USD,US,SUCCESS,OK
TXN144,AC000144,user144@bank.com,1/1/2024,1143,USD,US,SUCCESS,OK
TXN145,AC000145,user145@bank.com,1/1/2024,1144,USD,US,SUCCESS,OK
TXN146,AC000146,user146@bank.com,1/1/2024,1145,USD,US,SUCCESS,OK
TXN147,AC000147,user147@bank.com,1/1/2024,1146,USD,US,SUCCESS,OK
TXN148,AC000148,user148@bank.com,1/1/2024,1147,USD,US,SUCCESS,OK
TXN149,AC000149,user149@bank.com,1/1/2024,1148,USD,US,SUCCESS,OK
TXN150,AC000150,user150@bank.com,1/1/2024,1149,USD,US,SUCCESS,OK
TXN151,AC000151,user151@bank.com,1/1/2024,1150,USD,US,SUCCESS,OK
TXN152,AC000152,user152@bank.com,1/1/2024,1151,USD,US,SUCCESS,OK
TXN153,AC000153,user153@bank.com,1/1/2024,1152,USD,US,SUCCESS,OK
TXN154,AC000154,user154@bank.com,1/1/2024,1153,USD,US,SUCCESS,OK
TXN155,AC000155,user155@bank.com,1/1/2024,1154,USD,US,SUCCESS,OK
TXN156,AC000156,user156@bank.com,1/1/2024,1155,USD,US,SUCCESS,OK
TXN157,AC000157,user157@bank.com,1/1/2024,1156,USD,US,SUCCESS,OK
TXN158,AC000158,user158@bank.com,1/1/2024,1157,USD,US,SUCCESS,OK
TXN159,AC000159,user159@bank.com,1/1/2024,1158,USD,US,SUCCESS,OK
TXN160,AC000160,user160@bank.com,1/1/2024,1159,USD,US,SUCCESS,OK
TXN161,AC000161,user161@bank.com,1/1/2024,1160,USD,US,SUCCESS,OK
TXN162,AC000162,user162@bank.com,1/1/2024,1161,USD,US,SUCCESS,OK
TXN163,AC000163,user163@bank.com,1/1/2024,1162,USD,US,SUCCESS,OK
TXN164,AC000164,user164@bank.com,1/1/2024,1163,USD,US,SUCCESS,OK
TXN165,AC000165,user165@bank.com,1/1/2024,1164,USD,US,SUCCESS,OK
TXN166,AC000166,user166@bank.com,1/1/2024,1165,USD,US,SUCCESS,OK
TXN167,AC000167,user167@bank.com,1/1/2024,1166,USD,US,SUCCESS,OK
TXN168,AC000168,user168@bank.com,1/1/2024,1167,USD,US,SUCCESS,OK
TXN169,AC000169,user169@bank.com,1/1/2024,1168,USD,US,SUCCESS,OK
TXN170,AC000170,user170@bank.com,1/1/2024,1169,USD,US,SUCCESS,OK
TXN171,AC000171,user171@bank.com,1/1/2024,1170,USD,US,SUCCESS,OK
TXN172,AC000172,user172@bank.com,1/1/2024,1171,USD,US,SUCCESS,OK
TXN173,AC000173,user173@bank.com,1/1/2024,1172,USD,US,SUCCESS,OK
TXN174,AC000174,user174@bank.com,1/1/2024,1173,USD,US,SUCCESS,OK
TXN175,AC000175,user175@bank.com,1/1/2024,1174,USD,US,SUCCESS,OK
TXN176,AC000176,user176@bank.com,1/1/2024,1175,USD,US,SUCCESS,OK
TXN177,AC000177,user177@bank.com,1/1/2024,1176,USD,US,SUCCESS,OK
TXN178,AC000178,user178@bank.com,1/1/2024,1177,USD,US,SUCCESS,OK
TXN179,AC000179,user179@bank.com,1/1/2024,1178,USD,US,SUCCESS,OK
TXN180,AC000180,user180@bank.com,1/1/2024,1179,USD,US,SUCCESS,OK
TXN181,AC000181,user181@bank.com,1/1/2024,1180,USD,US,SUCCESS,OK
TXN182,AC000182,user182@bank.com,1/1/2024,1181,USD,US,SUCCESS,OK
TXN183,AC000183,user183@bank.com,1/1/2024,1182,USD,US,SUCCESS,OK
TXN184,AC000184,user184@bank.com,1/1/2024,1183,USD,US,SUCCESS,OK
TXN185,AC000185,user185@bank.com,1/1/2024,1184,USD,US,SUCCESS,OK
TXN186,AC000186,user186@bank.com,1/1/2024,1185,USD,US,SUCCESS,OK
TXN187,AC000187,user187@bank.com,1/1/2024,1186,USD,US,SUCCESS,OK
TXN188,AC000188,user188@bank.com,1/1/2024,1187,USD,US,SUCCESS,OK
TXN189,AC000189,user189@bank.com,1/1/2024,1188,USD,US,SUCCESS,OK
TXN190,AC000190,user190@bank.com,1/1/2024,1189,USD,US,SUCCESS,OK
TXN191,AC000191,user191@bank.com,1/1/2024,1190,USD,US,SUCCESS,OK
TXN192,AC000192,user192@bank.com,1/1/2024,1191,USD,US,SUCCESS,OK
TXN193,AC000193,user193@bank.com,1/1/2024,1192,USD,US,SUCCESS,OK
TXN194,AC000194,user194@bank.com,1/1/2024,1193,USD,US,SUCCESS,OK
TXN195,AC000195,user195@bank.com,1/1/2024,1194,USD,US,SUCCESS,OK
TXN196,AC000196,user196@bank.com,1/1/2024,1195,USD,US,SUCCESS,OK
TXN197,AC000197,user197@bank.com,1/1/2024,1196,USD,US,SUCCESS,OK
TXN198,AC000198,user198@bank.com,1/1/2024,1197,USD,US,SUCCESS,OK
TXN199,AC000199,user199@bank.com,1/1/2024,1198,USD,US,SUCCESS,OK
TXN200,AC000200,user200@bank.com,1/1/2024,1199,USD,US,SUCCESS,OK
TXN201,AC000201,user201@bank.com,1/1/2024,1200,USD,US,SUCCESS,OK
TXN202,AC000202,user202@bank.com,1/1/2024,1201,USD,US,SUCCESS,OK
TXN203,AC000203,user203@bank.com,1/1/2024,1202,USD,US,SUCCESS,OK
TXN204,AC000204,user204@bank.com,1/1/2024,1203,USD,US,SUCCESS,OK
TXN205,AC000205,user205@bank.com,1/1/2024,1204,USD,US,SUCCESS,OK
TXN206,AC000206,user206@bank.com,1/1/2024,1205,USD,US,SUCCESS,OK
TXN207,AC000207,user207@bank.com,1/1/2024,1206,USD,US,SUCCESS,OK
TXN208,AC000208,user208@bank.com,1/1/2024,1207,USD,US,SUCCESS,OK
TXN209,AC000209,user209@bank.com,1/1/2024,1208,USD,US,SUCCESS,OK
TXN210,AC000210,user210@bank.com,1/1/2024,1209,USD,US,SUCCESS,OK
TXN211,AC000211,user211@bank.com,1/1/2024,1210,USD,US,SUCCESS,OK
TXN212,AC000212,user212@bank.com,1/1/2024,1211,USD,US,SUCCESS,OK
TXN213,AC000213,user213@bank.com,1/1/2024,1212,USD,US,SUCCESS,OK
TXN214,AC000214,user214@bank.com,1/1/2024,1213,USD,US,SUCCESS,OK
TXN215,AC000215,user215@bank.com,1/1/2024,1214,USD,US,SUCCESS,OK
TXN216,AC000216,user216@bank.com,1/1/2024,1215,USD,US,SUCCESS,OK
TXN217,AC000217,user217@bank.com,1/1/2024,1216,USD,US,SUCCESS,OK
TXN218,AC000218,user218@bank.com,1/1/2024,1217,USD,US,SUCCESS,OK
TXN219,AC000219,user219@bank.com,1/1/2024,1218,USD,US,SUCCESS,OK
TXN220,AC000220,user220@bank.com,1/1/2024,1219,USD,US,SUCCESS,OK
TXN221,AC000221,user221@bank.com,1/1/2024,1220,USD,US,SUCCESS,OK
TXN222,AC000222,user222@bank.com,1/1/2024,1221,USD,US,SUCCESS,OK
TXN223,AC000223,user223@bank.com,1/1/2024,1222,USD,US,SUCCESS,OK
TXN224,AC000224,user224@bank.com,1/1/2024,1223,USD,US,SUCCESS,OK
TXN225,AC000225,user225@bank.com,1/1/2024,1224,USD,US,SUCCESS,OK
TXN226,AC000226,user226@bank.com,1/1/2024,1225,USD,US,SUCCESS,OK
TXN227,AC000227,user227@bank.com,1/1/2024,1226,USD,US,SUCCESS,OK
TXN228,AC000228,user228@bank.com,1/1/2024,1227,USD,US,SUCCESS,OK
TXN229,AC000229,user229@bank.com,1/1/2024,1228,USD,US,SUCCESS,OK
TXN230,AC000230,user230@bank.com,1/1/2024,1229,USD,US,SUCCESS,OK
TXN231,AC000231,user231@bank.com,1/1/2024,1230,USD,US,SUCCESS,OK
TXN232,AC000232,user232@bank.com,1/1/2024,1231,USD,US,SUCCESS,OK
TXN233,AC000233,user233@bank.com,1/1/2024,1232,USD,US,SUCCESS,OK
TXN234,AC000234,user234@bank.com,1/1/2024,1233,USD,US,SUCCESS,OK
TXN235,AC000235,user235@bank.com,1/1/2024,1234,USD,US,SUCCESS,OK
TXN236,AC000236,user236@bank.com,1/1/2024,1235,USD,US,SUCCESS,OK
TXN237,AC000237,user237@bank.com,1/1/2024,1236,USD,US,SUCCESS,OK
TXN238,AC000238,user238@bank.com,1/1/2024,1237,USD,US,SUCCESS,OK
TXN239,AC000239,user239@bank.com,1/1/2024,1238,USD,US,SUCCESS,OK
TXN240,AC000240,user240@bank.com,1/1/2024,1239,USD,US,SUCCESS,OK
TXN241,AC000241,user241@bank.com,1/1/2024,1240,USD,US,SUCCESS,OK
TXN242,AC000242,user242@bank.com,1/1/2024,1241,USD,US,SUCCESS,OK
TXN243,AC000243,user243@bank.com,1/1/2024,1242,USD,US,SUCCESS,OK
TXN244,AC000244,user244@bank.com,1/1/2024,1243,USD,US,SUCCESS,OK
TXN245,AC000245,user245@bank.com,1/1/2024,1244,USD,US,SUCCESS,OK
TXN246,AC000246,user246@bank.com,1/1/2024,1245,USD,US,SUCCESS,OK
TXN247,AC000247,user247@bank.com,1/1/2024,1246,USD,US,SUCCESS,OK
TXN248,AC000248,user248@bank.com,1/1/2024,1247,USD,US,SUCCESS,OK
TXN249,AC000249,user249@bank.com,1/1/2024,1248,USD,US,SUCCESS,OK
TXN250,AC000250,user250@bank.com,1/1/2024,1249,USD,US,SUCCESS,OK
TXN251,AC000251,user251@bank.com,1/1/2024,1250,USD,US,SUCCESS,OK
TXN252,AC000252,user252@bank.com,1/1/2024,1251,USD,US,SUCCESS,OK
TXN253,AC000253,user253@bank.com,1/1/2024,1252,USD,US,SUCCESS,OK
TXN254,AC000254,user254@bank.com,1/1/2024,1253,USD,US,SUCCESS,OK
TXN255,AC000255,user255@bank.com,1/1/2024,1254,USD,US,SUCCESS,OK
TXN256,AC000256,user256@bank.com,1/1/2024,1255,USD,US,SUCCESS,OK
TXN257,AC000257,user257@bank.com,1/1/2024,1256,USD,US,SUCCESS,OK
TXN258,AC000258,user258@bank.com,1/1/2024,1257,USD,US,SUCCESS,OK
TXN259,AC000259,user259@bank.com,1/1/2024,1258,USD,US,SUCCESS,OK
TXN260,AC000260,user260@bank.com,1/1/2024,1259,USD,US,SUCCESS,OK
TXN261,AC000261,user261@bank.com,1/1/2024,1260,USD,US,SUCCESS,OK
TXN262,AC000262,user262@bank.com,1/1/2024,1261,USD,US,SUCCESS,OK
TXN263,AC000263,user263@bank.com,1/1/2024,1262,USD,US,SUCCESS,OK
TXN264,AC000264,user264@bank.com,1/1/2024,1263,USD,US,SUCCESS,OK
TXN265,AC000265,user265@bank.com,1/1/2024,1264,USD,US,SUCCESS,OK
TXN266,AC000266,user266@bank.com,1/1/2024,1265,USD,US,SUCCESS,OK
TXN267,AC000267,user267@bank.com,1/1/2024,1266,USD,US,SUCCESS,OK
TXN268,AC000268,user268@bank.com,1/1/2024,1267,USD,US,SUCCESS,OK
TXN269,AC000269,user269@bank.com,1/1/2024,1268,USD,US,SUCCESS,OK
TXN270,AC000270,user270@bank.com,1/1/2024,1269,USD,US,SUCCESS,OK
TXN271,AC000271,user271@bank.com,1/1/2024,1270,USD,US,SUCCESS,OK
TXN272,AC000272,user272@bank.com,1/1/2024,1271,USD,US,SUCCESS,OK
TXN273,AC000273,user273@bank.com,1/1/2024,1272,USD,US,SUCCESS,OK
TXN274,AC000274,user274@bank.com,1/1/2024,1273,USD,US,SUCCESS,OK
TXN275,AC000275,user275@bank.com,1/1/2024,1274,USD,US,SUCCESS,OK
TXN276,AC000276,user276@bank.com,1/1/2024,1275,USD,US,SUCCESS,OK
TXN277,AC000277,user277@bank.com,1/1/2024,1276,USD,US,SUCCESS,OK
TXN278,AC000278,user278@bank.com,1/1/2024,1277,USD,US,SUCCESS,OK
TXN279,AC000279,user279@bank.com,1/1/2024,1278,USD,US,SUCCESS,OK
TXN280,AC000280,user280@bank.com,1/1/2024,1279,USD,US,SUCCESS,OK
TXN281,AC000281,user281@bank.com,1/1/2024,1280,USD,US,SUCCESS,OK
TXN282,AC000282,user282@bank.com,1/1/2024,1281,USD,US,SUCCESS,OK
TXN283,AC000283,user283@bank.com,1/1/2024,1282,USD,US,SUCCESS,OK
TXN284,AC000284,user284@bank.com,1/1/2024,1283,USD,US,SUCCESS,OK
TXN285,AC000285,user285@bank.com,1/1/2024,1284,USD,US,SUCCESS,OK
TXN286,AC000286,user286@bank.com,1/1/2024,1285,USD,US,SUCCESS,OK
TXN287,AC000287,user287@bank.com,1/1/2024,1286,USD,US,SUCCESS,OK
TXN288,AC000288,user288@bank.com,1/1/2024,1287,USD,US,SUCCESS,OK
TXN289,AC000289,user289@bank.com,1/1/2024,1288,USD,US,SUCCESS,OK
TXN290,AC000290,user290@bank.com,1/1/2024,1289,USD,US,SUCCESS,OK
TXN291,AC000291,user291@bank.com,1/1/2024,1290,USD,US,SUCCESS,OK
TXN292,AC000292,user292@bank.com,1/1/2024,1291,USD,US,SUCCESS,OK
TXN293,AC000293,user293@bank.com,1/1/2024,1292,USD,US,SUCCESS,OK
TXN294,AC000294,user294@bank.com,1/1/2024,1293,USD,US,SUCCESS,OK
TXN295,AC000295,user295@bank.com,1/1/2024,1294,USD,US,SUCCESS,OK
TXN296,AC000296,user296@bank.com,1/1/2024,1295,USD,US,SUCCESS,OK
TXN297,AC000297,user297@bank.com,1/1/2024,1296,USD,US,SUCCESS,OK
TXN298,AC000298,user298@bank.com,1/1/2024,1297,USD,US,SUCCESS,OK
TXN299,AC000299,user299@bank.com,1/1/2024,1298,USD,US,SUCCESS,OK
TXN300,AC000300,user300@bank.com,1/1/2024,1299,USD,US,SUCCESS,OK
TXN301,AC000301,user301@bank.com,1/1/2024,1300,USD,US,SUCCESS,OK
TXN302,AC000302,user302@bank.com,1/1/2024,1301,USD,US,SUCCESS,OK
TXN303,AC000303,user303@bank.com,1/1/2024,1302,USD,US,SUCCESS,OK
TXN304,AC000304,user304@bank.com,1/1/2024,1303,USD,US,SUCCESS,OK
TXN305,AC000305,user305@bank.com,1/1/2024,1304,USD,US,SUCCESS,OK
TXN306,AC000306,user306@bank.com,1/1/2024,1305,USD,US,SUCCESS,OK
TXN307,AC000307,user307@bank.com,1/1/2024,1306,USD,US,SUCCESS,OK
TXN308,AC000308,user308@bank.com,1/1/2024,1307,USD,US,SUCCESS,OK
TXN309,AC000309,user309@bank.com,1/1/2024,1308,USD,US,SUCCESS,OK
TXN310,AC000310,user310@bank.com,1/1/2024,1309,USD,US,SUCCESS,OK
TXN311,AC000311,user311@bank.com,1/1/2024,1310,USD,US,SUCCESS,OK
TXN312,AC000312,user312@bank.com,1/1/2024,1311,USD,US,SUCCESS,OK
TXN313,AC000313,user313@bank.com,1/1/2024,1312,USD,US,SUCCESS,OK
TXN314,AC000314,user314@bank.com,1/1/2024,1313,USD,US,SUCCESS,OK
TXN315,AC000315,user315@bank.com,1/1/2024,1314,USD,US,SUCCESS,OK
TXN316,AC000316,user316@bank.com,1/1/2024,1315,USD,US,SUCCESS,OK
TXN317,AC000317,user317@bank.com,1/1/2024,1316,USD,US,SUCCESS,OK
TXN318,AC000318,user318@bank.com,1/1/2024,1317,USD,US,SUCCESS,OK
TXN319,AC000319,user319@bank.com,1/1/2024,1318,USD,US,SUCCESS,OK
TXN320,AC000320,user320@bank.com,1/1/2024,1319,USD,US,SUCCESS,OK
TXN321,AC000321,user321@bank.com,1/1/2024,1320,USD,US,SUCCESS,OK
TXN322,AC000322,user322@bank.com,1/1/2024,1321,USD,US,SUCCESS,OK
TXN323,AC000323,user323@bank.com,1/1/2024,1322,USD,US,SUCCESS,OK
TXN324,AC000324,user324@bank.com,1/1/2024,1323,USD,US,SUCCESS,OK
TXN325,AC000325,user325@bank.com,1/1/2024,1324,USD,US,SUCCESS,OK
TXN326,AC000326,user326@bank.com,1/1/2024,1325,USD,US,SUCCESS,OK
TXN327,AC000327,user327@bank.com,1/1/2024,1326,USD,US,SUCCESS,OK
TXN328,AC000328,user328@bank.com,1/1/2024,1327,USD,US,SUCCESS,OK
TXN329,AC000329,user329@bank.com,1/1/2024,1328,USD,US,SUCCESS,OK
TXN330,AC000330,user330@bank.com,1/1/2024,1329,USD,US,SUCCESS,OK
TXN331,AC000331,user331@bank.com,1/1/2024,1330,USD,US,SUCCESS,OK
TXN332,AC000332,user332@bank.com,1/1/2024,1331,USD,US,SUCCESS,OK
TXN333,AC000333,user333@bank.com,1/1/2024,1332,USD,US,SUCCESS,OK
TXN334,AC000334,user334@bank.com,1/1/2024,1333,USD,US,SUCCESS,OK
TXN335,AC000335,user335@bank.com,1/1/2024,1334,USD,US,SUCCESS,OK
TXN336,AC000336,user336@bank.com,1/1/2024,1335,USD,US,SUCCESS,OK
TXN337,AC000337,user337@bank.com,1/1/2024,1336,USD,US,SUCCESS,OK
TXN338,AC000338,user338@bank.com,1/1/2024,1337,USD,US,SUCCESS,OK
TXN339,AC000339,user339@bank.com,1/1/2024,1338,USD,US,SUCCESS,OK
TXN340,AC000340,user340@bank.com,1/1/2024,1339,USD,US,SUCCESS,OK
TXN341,AC000341,user341@bank.com,1/1/2024,1340,USD,US,SUCCESS,OK
TXN342,AC000342,user342@bank.com,1/1/2024,1341,USD,US,SUCCESS,OK
TXN343,AC000343,user343@bank.com,1/1/2024,1342,USD,US,SUCCESS,OK
TXN344,AC000344,user344@bank.com,1/1/2024,1343,USD,US,SUCCESS,OK
TXN345,AC000345,user345@bank.com,1/1/2024,1344,USD,US,SUCCESS,OK
TXN346,AC000346,user346@bank.com,1/1/2024,1345,USD,US,SUCCESS,OK
TXN347,AC000347,user347@bank.com,1/1/2024,1346,USD,US,SUCCESS,OK
TXN348,AC000348,user348@bank.com,1/1/2024,1347,USD,US,SUCCESS,OK
TXN349,AC000349,user349@bank.com,1/1/2024,1348,USD,US,SUCCESS,OK
TXN350,AC000350,user350@bank.com,1/1/2024,1349,USD,US,SUCCESS,OK
TXN351,AC000351,user351@bank.com,1/1/2024,1350,USD,US,SUCCESS,OK
TXN352,AC000352,user352@bank.com,1/1/2024,1351,USD,US,SUCCESS,OK
TXN353,AC000353,user353@bank.com,1/1/2024,1352,USD,US,SUCCESS,OK
TXN354,AC000354,user354@bank.com,1/1/2024,1353,USD,US,SUCCESS,OK
TXN355,AC000355,user355@bank.com,1/1/2024,1354,USD,US,SUCCESS,OK
TXN356,AC000356,user356@bank.com,1/1/2024,1355,USD,US,SUCCESS,OK
TXN357,AC000357,user357@bank.com,1/1/2024,1356,USD,US,SUCCESS,OK
TXN358,AC000358,user358@bank.com,1/1/2024,1357,USD,US,SUCCESS,OK
TXN359,AC000359,user359@bank.com,1/1/2024,1358,USD,US,SUCCESS,OK
TXN360,AC000360,user360@bank.com,1/1/2024,1359,USD,US,SUCCESS,OK
TXN361,AC000361,user361@bank.com,1/1/2024,1360,USD,US,SUCCESS,OK
TXN362,AC000362,user362@bank.com,1/1/2024,1361,USD,US,SUCCESS,OK
TXN363,AC000363,user363@bank.com,1/1/2024,1362,USD,US,SUCCESS,OK
TXN364,AC000364,user364@bank.com,1/1/2024,1363,USD,US,SUCCESS,OK
TXN365,AC000365,user365@bank.com,1/1/2024,1364,USD,US,SUCCESS,OK
TXN366,AC000366,user366@bank.com,1/1/2024,1365,USD,US,SUCCESS,OK
TXN367,AC000367,user367@bank.com,1/1/2024,1366,USD,US,SUCCESS,OK
TXN368,AC000368,user368@bank.com,1/1/2024,1367,USD,US,SUCCESS,OK
TXN369,AC000369,user369@bank.com,1/1/2024,1368,USD,US,SUCCESS,OK
TXN370,AC000370,user370@bank.com,1/1/2024,1369,USD,US,SUCCESS,OK
TXN371,AC000371,user371@bank.com,1/1/2024,1370,USD,US,SUCCESS,OK
TXN372,AC000372,user372@bank.com,1/1/2024,1371,USD,US,SUCCESS,OK
TXN373,AC000373,user373@bank.com,1/1/2024,1372,USD,US,SUCCESS,OK
TXN374,AC000374,user374@bank.com,1/1/2024,1373,USD,US,SUCCESS,OK
TXN375,AC000375,user375@bank.com,1/1/2024,1374,USD,US,SUCCESS,OK
TXN376,AC000376,user376@bank.com,1/1/2024,1375,USD,US,SUCCESS,OK
TXN377,AC000377,user377@bank.com,1/1/2024,1376,USD,US,SUCCESS,OK
TXN378,AC000378,user378@bank.com,1/1/2024,1377,USD,US,SUCCESS,OK
TXN379,AC000379,user379@bank.com,1/1/2024,1378,USD,US,SUCCESS,OK
TXN380,AC000380,user380@bank.com,1/1/2024,1379,USD,US,SUCCESS,OK
TXN381,AC000381,user381@bank.com,1/1/2024,1380,USD,US,SUCCESS,OK
TXN382,AC000382,user382@bank.com,1/1/2024,1381,USD,US,SUCCESS,OK
TXN383,AC000383,user383@bank.com,1/1/2024,1382,USD,US,SUCCESS,OK
TXN384,AC000384,user384@bank.com,1/1/2024,1383,USD,US,SUCCESS,OK
TXN385,AC000385,user385@bank.com,1/1/2024,1384,USD,US,SUCCESS,OK
TXN386,AC000386,user386@bank.com,1/1/2024,1385,USD,US,SUCCESS,OK
TXN387,AC000387,user387@bank.com,1/1/2024,1386,USD,US,SUCCESS,OK
TXN388,AC000388,user388@bank.com,1/1/2024,1387,USD,US,SUCCESS,OK
TXN389,AC000389,user389@bank.com,1/1/2024,1388,USD,US,SUCCESS,OK
TXN390,AC000390,user390@bank.com,1/1/2024,1389,USD,US,SUCCESS,OK
TXN391,AC000391,user391@bank.com,1/1/2024,1390,USD,US,SUCCESS,OK
TXN392,AC000392,user392@bank.com,1/1/2024,1391,USD,US,SUCCESS,OK
TXN393,AC000393,user393@bank.com,1/1/2024,1392,USD,US,SUCCESS,OK
TXN394,AC000394,user394@bank.com,1/1/2024,1393,USD,US,SUCCESS,OK
TXN395,AC000395,user395@bank.com,1/1/2024,1394,USD,US,SUCCESS,OK
TXN396,AC000396,user396@bank.com,1/1/2024,1395,USD,US,SUCCESS,OK
TXN397,AC000397,user397@bank.com,1/1/2024,1396,USD,US,SUCCESS,OK
TXN398,AC000398,user398@bank.com,1/1/2024,1397,USD,US,SUCCESS,OK
TXN399,AC000399,user399@bank.com,1/1/2024,1398,USD,US,SUCCESS,OK
TXN400,AC000400,user400@bank.com,1/1/2024,1399,USD,US,SUCCESS,OK
TXN401,AC000401,user401@bank.com,1/1/2024,1400,USD,US,SUCCESS,OK
TXN402,AC000402,user402@bank.com,1/1/2024,1401,USD,US,SUCCESS,OK
TXN403,AC000403,user403@bank.com,1/1/2024,1402,USD,US,SUCCESS,OK
TXN404,AC000404,user404@bank.com,1/1/2024,1403,USD,US,SUCCESS,OK
TXN405,AC000405,user405@bank.com,1/1/2024,1404,USD,US,SUCCESS,OK
TXN406,AC000406,user406@bank.com,1/1/2024,1405,USD,US,SUCCESS,OK
TXN407,AC000407,user407@bank.com,1/1/2024,1406,USD,US,SUCCESS,OK
TXN408,AC000408,user408@bank.com,1/1/2024,1407,USD,US,SUCCESS,OK
TXN409,AC000409,user409@bank.com,1/1/2024,1408,USD,US,SUCCESS,OK
TXN410,AC000410,user410@bank.com,1/1/2024,1409,USD,US,SUCCESS,OK
TXN411,AC000411,user411@bank.com,1/1/2024,1410,USD,US,SUCCESS,OK
TXN412,AC000412,user412@bank.com,1/1/2024,1411,USD,US,SUCCESS,OK
TXN413,AC000413,user413@bank.com,1/1/2024,1412,USD,US,SUCCESS,OK
TXN414,AC000414,user414@bank.com,1/1/2024,1413,USD,US,SUCCESS,OK
TXN415,AC000415,user415@bank.com,1/1/2024,1414,USD,US,SUCCESS,OK
TXN416,AC000416,user416@bank.com,1/1/2024,1415,USD,US,SUCCESS,OK
TXN417,AC000417,user417@bank.com,1/1/2024,1416,USD,US,SUCCESS,OK
TXN418,AC000418,user418@bank.com,1/1/2024,1417,USD,US,SUCCESS,OK
TXN419,AC000419,user419@bank.com,1/1/2024,1418,USD,US,SUCCESS,OK
TXN420,AC000420,user420@bank.com,1/1/2024,1419,USD,US,SUCCESS,OK
TXN421,AC000421,user421@bank.com,1/1/2024,1420,USD,US,SUCCESS,OK
TXN422,AC000422,user422@bank.com,1/1/2024,1421,USD,US,SUCCESS,OK
TXN423,AC000423,user423@bank.com,1/1/2024,1422,USD,US,SUCCESS,OK
TXN424,AC000424,user424@bank.com,1/1/2024,1423,USD,US,SUCCESS,OK
TXN425,AC000425,user425@bank.com,1/1/2024,1424,USD,US,SUCCESS,OK
TXN426,AC000426,user426@bank.com,1/1/2024,1425,USD,US,SUCCESS,OK
TXN427,AC000427,user427@bank.com,1/1/2024,1426,USD,US,SUCCESS,OK
TXN428,AC000428,user428@bank.com,1/1/2024,1427,USD,US,SUCCESS,OK
TXN429,AC000429,user429@bank.com,1/1/2024,1428,USD,US,SUCCESS,OK
TXN430,AC000430,user430@bank.com,1/1/2024,1429,USD,US,SUCCESS,OK
TXN431,AC000431,user431@bank.com,1/1/2024,1430,USD,US,SUCCESS,OK
TXN432,AC000432,user432@bank.com,1/1/2024,1431,USD,US,SUCCESS,OK
TXN433,AC000433,user433@bank.com,1/1/2024,1432,USD,US,SUCCESS,OK
TXN434,AC000434,user434@bank.com,1/1/2024,1433,USD,US,SUCCESS,OK
TXN435,AC000435,user435@bank.com,1/1/2024,1434,USD,US,SUCCESS,OK
TXN436,AC000436,user436@bank.com,1/1/2024,1435,USD,US,SUCCESS,OK
TXN437,AC000437,user437@bank.com,1/1/2024,1436,USD,US,SUCCESS,OK
TXN438,AC000438,user438@bank.com,1/1/2024,1437,USD,US,SUCCESS,OK
TXN439,AC000439,user439@bank.com,1/1/2024,1438,USD,US,SUCCESS,OK
TXN440,AC000440,user440@bank.com,1/1/2024,1439,USD,US,SUCCESS,OK
TXN441,AC000441,user441@bank.com,1/1/2024,1440,USD,US,SUCCESS,OK
TXN442,AC000442,user442@bank.com,1/1/2024,1441,USD,US,SUCCESS,OK
TXN443,AC000443,user443@bank.com,1/1/2024,1442,USD,US,SUCCESS,OK
TXN444,AC000444,user444@bank.com,1/1/2024,1443,USD,US,SUCCESS,OK
TXN445,AC000445,user445@bank.com,1/1/2024,1444,USD,US,SUCCESS,OK
TXN446,AC000446,user446@bank.com,1/1/2024,1445,USD,US,SUCCESS,OK
TXN447,AC000447,user447@bank.com,1/1/2024,1446,USD,US,SUCCESS,OK
TXN448,AC000448,user448@bank.com,1/1/2024,1447,USD,US,SUCCESS,OK
TXN449,AC000449,user449@bank.com,1/1/2024,1448,USD,US,SUCCESS,OK
TXN450,AC000450,user450@bank.com,1/1/2024,1449,USD,US,SUCCESS,OK
TXN451,AC000451,user451@bank.com,1/1/2024,1450,USD,US,SUCCESS,OK
TXN452,AC000452,user452@bank.com,1/1/2024,1451,USD,US,SUCCESS,OK
TXN453,AC000453,user453@bank.com,1/1/2024,1452,USD,US,SUCCESS,OK
TXN454,AC000454,user454@bank.com,1/1/2024,1453,USD,US,SUCCESS,OK
TXN455,AC000455,user455@bank.com,1/1/2024,1454,USD,US,SUCCESS,OK
TXN456,AC000456,user456@bank.com,1/1/2024,1455,USD,US,SUCCESS,OK
TXN457,AC000457,user457@bank.com,1/1/2024,1456,USD,US,SUCCESS,OK
TXN458,AC000458,user458@bank.com,1/1/2024,1457,USD,US,SUCCESS,OK
TXN459,AC000459,user459@bank.com,1/1/2024,1458,USD,US,SUCCESS,OK
TXN460,AC000460,user460@bank.com,1/1/2024,1459,USD,US,SUCCESS,OK
TXN461,AC000461,user461@bank.com,1/1/2024,1460,USD,US,SUCCESS,OK
TXN462,AC000462,user462@bank.com,1/1/2024,1461,USD,US,SUCCESS,OK
TXN463,AC000463,user463@bank.com,1/1/2024,1462,USD,US,SUCCESS,OK
TXN464,AC000464,user464@bank.com,1/1/2024,1463,USD,US,SUCCESS,OK
TXN465,AC000465,user465@bank.com,1/1/2024,1464,USD,US,SUCCESS,OK
TXN466,AC000466,user466@bank.com,1/1/2024,1465,USD,US,SUCCESS,OK
TXN467,AC000467,user467@bank.com,1/1/2024,1466,USD,US,SUCCESS,OK
TXN468,AC000468,user468@bank.com,1/1/2024,1467,USD,US,SUCCESS,OK
TXN469,AC000469,user469@bank.com,1/1/2024,1468,USD,US,SUCCESS,OK
TXN470,AC000470,user470@bank.com,1/1/2024,1469,USD,US,SUCCESS,OK
TXN471,AC000471,user471@bank.com,1/1/2024,1470,USD,US,SUCCESS,OK
TXN472,AC000472,user472@bank.com,1/1/2024,1471,USD,US,SUCCESS,OK
TXN473,AC000473,user473@bank.com,1/1/2024,1472,USD,US,SUCCESS,OK
TXN474,AC000474,user474@bank.com,1/1/2024,1473,USD,US,SUCCESS,OK
TXN475,AC000475,user475@bank.com,1/1/2024,1474,USD,US,SUCCESS,OK
TXN476,AC000476,user476@bank.com,1/1/2024,1475,USD,US,SUCCESS,OK
TXN477,AC000477,user477@bank.com,1/1/2024,1476,USD,US,SUCCESS,OK
TXN478,AC000478,user478@bank.com,1/1/2024,1477,USD,US,SUCCESS,OK
TXN479,AC000479,user479@bank.com,1/1/2024,1478,USD,US,SUCCESS,OK
TXN480,AC000480,user480@bank.com,1/1/2024,1479,USD,US,SUCCESS,OK
TXN481,AC000481,user481@bank.com,1/1/2024,1480,USD,US,SUCCESS,OK
TXN482,AC000482,user482@bank.com,1/1/2024,1481,USD,US,SUCCESS,OK
TXN483,AC000483,user483@bank.com,1/1/2024,1482,USD,US,SUCCESS,OK
TXN484,AC000484,user484@bank.com,1/1/2024,1483,USD,US,SUCCESS,OK
TXN485,AC000485,user485@bank.com,1/1/2024,1484,USD,US,SUCCESS,OK
TXN486,AC000486,user486@bank.com,1/1/2024,1485,USD,US,SUCCESS,OK
TXN487,AC000487,user487@bank.com,1/1/2024,1486,USD,US,SUCCESS,OK
TXN488,AC000488,user488@bank.com,1/1/2024,1487,USD,US,SUCCESS,OK
TXN489,AC000489,user489@bank.com,1/1/2024,1488,USD,US,SUCCESS,OK
TXN490,AC000490,user490@bank.com,1/1/2024,1489,USD,US,SUCCESS,OK
TXN491,AC000491,user491@bank.com,1/1/2024,1490,USD,US,SUCCESS,OK
TXN492,AC000492,user492@bank.com,1/1/2024,1491,USD,US,SUCCESS,OK
TXN493,AC000493,user493@bank.com,1/1/2024,1492,USD,US,SUCCESS,OK
TXN494,AC000494,user494@bank.com,1/1/2024,1493,USD,US,SUCCESS,OK
TXN495,AC000495,user495@bank.com,1/1/2024,1494,USD,US,SUCCESS,OK
TXN496,AC000496,user496@bank.com,1/1/2024,1495,USD,US,SUCCESS,OK
TXN497,AC000497,user497@bank.com,1/1/2024,1496,USD,US,SUCCESS,OK
TXN498,AC000498,user498@bank.com,1/1/2024,1497,USD,US,SUCCESS,OK
TXN499,AC000499,user499@bank.com,1/1/2024,1498,USD,US,SUCCESS,OK
TXN500,AC000500,user500@bank.com,1/1/2024,1499,USD,US,SUCCESS,OK
TXN501,AC000501,user501@bank.com,1/1/2024,1500,USD,US,SUCCESS,OK
TXN502,AC000502,user502@bank.com,1/1/2024,1501,USD,US,SUCCESS,OK
TXN503,AC000503,user503@bank.com,1/1/2024,1502,USD,US,SUCCESS,OK
TXN504,AC000504,user504@bank.com,1/1/2024,1503,USD,US,SUCCESS,OK
TXN505,AC000505,user505@bank.com,1/1/2024,1504,USD,US,SUCCESS,OK
TXN506,AC000506,user506@bank.com,1/1/2024,1505,USD,US,SUCCESS,OK
TXN507,AC000507,user507@bank.com,1/1/2024,1506,USD,US,SUCCESS,OK
TXN508,AC000508,user508@bank.com,1/1/2024,1507,USD,US,SUCCESS,OK
TXN509,AC000509,user509@bank.com,1/1/2024,1508,USD,US,SUCCESS,OK
TXN510,AC000510,user510@bank.com,1/1/2024,1509,USD,US,SUCCESS,OK
TXN511,AC000511,user511@bank.com,1/1/2024,1510,USD,US,SUCCESS,OK
TXN512,AC000512,user512@bank.com,1/1/2024,1511,USD,US,SUCCESS,OK
TXN513,AC000513,user513@bank.com,1/1/2024,1512,USD,US,SUCCESS,OK
TXN514,AC000514,user514@bank.com,1/1/2024,1513,USD,US,SUCCESS,OK
TXN515,AC000515,user515@bank.com,1/1/2024,1514,USD,US,SUCCESS,OK
TXN516,AC000516,user516@bank.com,1/1/2024,1515,USD,US,SUCCESS,OK
TXN517,AC000517,user517@bank.com,1/1/2024,1516,USD,US,SUCCESS,OK
TXN518,AC000518,user518@bank.com,1/1/2024,1517,USD,US,SUCCESS,OK
TXN519,AC000519,user519@bank.com,1/1/2024,1518,USD,US,SUCCESS,OK
TXN520,AC000520,user520@bank.com,1/1/2024,1519,USD,US,SUCCESS,OK
TXN521,AC000521,user521@bank.com,1/1/2024,1520,USD,US,SUCCESS,OK
TXN522,AC000522,user522@bank.com,1/1/2024,1521,USD,US,SUCCESS,OK
TXN523,AC000523,user523@bank.com,1/1/2024,1522,USD,US,SUCCESS,OK
TXN524,AC000524,user524@bank.com,1/1/2024,1523,USD,US,SUCCESS,OK
TXN525,AC000525,user525@bank.com,1/1/2024,1524,USD,US,SUCCESS,OK
TXN526,AC000526,user526@bank.com,1/1/2024,1525,USD,US,SUCCESS,OK
TXN527,AC000527,user527@bank.com,1/1/2024,1526,USD,US,SUCCESS,OK
TXN528,AC000528,user528@bank.com,1/1/2024,1527,USD,US,SUCCESS,OK
TXN529,AC000529,user529@bank.com,1/1/2024,1528,USD,US,SUCCESS,OK
TXN530,AC000530,user530@bank.com,1/1/2024,1529,USD,US,SUCCESS,OK
TXN531,AC000531,user531@bank.com,1/1/2024,1530,USD,US,SUCCESS,OK
TXN532,AC000532,user532@bank.com,1/1/2024,1531,USD,US,SUCCESS,OK
TXN533,AC000533,user533@bank.com,1/1/2024,1532,USD,US,SUCCESS,OK
TXN534,AC000534,user534@bank.com,1/1/2024,1533,USD,US,SUCCESS,OK
TXN535,AC000535,user535@bank.com,1/1/2024,1534,USD,US,SUCCESS,OK
TXN536,AC000536,user536@bank.com,1/1/2024,1535,USD,US,SUCCESS,OK
TXN537,AC000537,user537@bank.com,1/1/2024,1536,USD,US,SUCCESS,OK
TXN538,AC000538,user538@bank.com,1/1/2024,1537,USD,US,SUCCESS,OK
TXN539,AC000539,user539@bank.com,1/1/2024,1538,USD,US,SUCCESS,OK
TXN540,AC000540,user540@bank.com,1/1/2024,1539,USD,US,SUCCESS,OK
TXN541,AC000541,user541@bank.com,1/1/2024,1540,USD,US,SUCCESS,OK
TXN542,AC000542,user542@bank.com,1/1/2024,1541,USD,US,SUCCESS,OK
TXN543,AC000543,user543@bank.com,1/1/2024,1542,USD,US,SUCCESS,OK
TXN544,AC000544,user544@bank.com,1/1/2024,1543,USD,US,SUCCESS,OK
TXN545,AC000545,user545@bank.com,1/1/2024,1544,USD,US,SUCCESS,OK
TXN546,AC000546,user546@bank.com,1/1/2024,1545,USD,US,SUCCESS,OK
TXN547,AC000547,user547@bank.com,1/1/2024,1546,USD,US,SUCCESS,OK
TXN548,AC000548,user548@bank.com,1/1/2024,1547,USD,US,SUCCESS,OK
TXN549,AC000549,user549@bank.com,1/1/2024,1548,USD,US,SUCCESS,OK
TXN550,AC000550,user550@bank.com,1/1/2024,1549,USD,US,SUCCESS,OK
TXN551,AC000551,user551@bank.com,1/1/2024,1550,USD,US,SUCCESS,OK
TXN552,AC000552,user552@bank.com,1/1/2024,1551,USD,US,SUCCESS,OK
TXN553,AC000553,user553@bank.com,1/1/2024,1552,USD,US,SUCCESS,OK
TXN554,AC000554,user554@bank.com,1/1/2024,1553,USD,US,SUCCESS,OK
TXN555,AC000555,user555@bank.com,1/1/2024,1554,USD,US,SUCCESS,OK
TXN556,AC000556,user556@bank.com,1/1/2024,1555,USD,US,SUCCESS,OK
TXN557,AC000557,user557@bank.com,1/1/2024,1556,USD,US,SUCCESS,OK
TXN558,AC000558,user558@bank.com,1/1/2024,1557,USD,US,SUCCESS,OK
TXN559,AC000559,user559@bank.com,1/1/2024,1558,USD,US,SUCCESS,OK
TXN560,AC000560,user560@bank.com,1/1/2024,1559,USD,US,SUCCESS,OK
TXN561,AC000561,user561@bank.com,1/1/2024,1560,USD,US,SUCCESS,OK
TXN562,AC000562,user562@bank.com,1/1/2024,1561,USD,US,SUCCESS,OK
TXN563,AC000563,user563@bank.com,1/1/2024,1562,USD,US,SUCCESS,OK
TXN564,AC000564,user564@bank.com,1/1/2024,1563,USD,US,SUCCESS,OK
TXN565,AC000565,user565@bank.com,1/1/2024,1564,USD,US,SUCCESS,OK
TXN566,AC000566,user566@bank.com,1/1/2024,1565,USD,US,SUCCESS,OK
TXN567,AC000567,user567@bank.com,1/1/2024,1566,USD,US,SUCCESS,OK
TXN568,AC000568,user568@bank.com,1/1/2024,1567,USD,US,SUCCESS,OK
TXN569,AC000569,user569@bank.com,1/1/2024,1568,USD,US,SUCCESS,OK
TXN570,AC000570,user570@bank.com,1/1/2024,1569,USD,US,SUCCESS,OK
TXN571,AC000571,user571@bank.com,1/1/2024,1570,USD,US,SUCCESS,OK
TXN572,AC000572,user572@bank.com,1/1/2024,1571,USD,US,SUCCESS,OK
TXN573,AC000573,user573@bank.com,1/1/2024,1572,USD,US,SUCCESS,OK
TXN574,AC000574,user574@bank.com,1/1/2024,1573,USD,US,SUCCESS,OK
TXN575,AC000575,user575@bank.com,1/1/2024,1574,USD,US,SUCCESS,OK
TXN576,AC000576,user576@bank.com,1/1/2024,1575,USD,US,SUCCESS,OK
TXN577,AC000577,user577@bank.com,1/1/2024,1576,USD,US,SUCCESS,OK
TXN578,AC000578,user578@bank.com,1/1/2024,1577,USD,US,SUCCESS,OK
TXN579,AC000579,user579@bank.com,1/1/2024,1578,USD,US,SUCCESS,OK
TXN580,AC000580,user580@bank.com,1/1/2024,1579,USD,US,SUCCESS,OK
TXN581,AC000581,user581@bank.com,1/1/2024,1580,USD,US,SUCCESS,OK
TXN582,AC000582,user582@bank.com,1/1/2024,1581,USD,US,SUCCESS,OK
TXN583,AC000583,user583@bank.com,1/1/2024,1582,USD,US,SUCCESS,OK
TXN584,AC000584,user584@bank.com,1/1/2024,1583,USD,US,SUCCESS,OK
TXN585,AC000585,user585@bank.com,1/1/2024,1584,USD,US,SUCCESS,OK
TXN586,AC000586,user586@bank.com,1/1/2024,1585,USD,US,SUCCESS,OK
TXN587,AC000587,user587@bank.com,1/1/2024,1586,USD,US,SUCCESS,OK
TXN588,AC000588,user588@bank.com,1/1/2024,1587,USD,US,SUCCESS,OK
TXN589,AC000589,user589@bank.com,1/1/2024,1588,USD,US,SUCCESS,OK
TXN590,AC000590,user590@bank.com,1/1/2024,1589,USD,US,SUCCESS,OK
TXN591,AC000591,user591@bank.com,1/1/2024,1590,USD,US,SUCCESS,OK
TXN592,AC000592,user592@bank.com,1/1/2024,1591,USD,US,SUCCESS,OK
TXN593,AC000593,user593@bank.com,1/1/2024,1592,USD,US,SUCCESS,OK
TXN594,AC000594,user594@bank.com,1/1/2024,1593,USD,US,SUCCESS,OK
TXN595,AC000595,user595@bank.com,1/1/2024,1594,USD,US,SUCCESS,OK
TXN596,AC000596,user596@bank.com,1/1/2024,1595,USD,US,SUCCESS,OK
TXN597,AC000597,user597@bank.com,1/1/2024,1596,USD,US,SUCCESS,OK
TXN598,AC000598,user598@bank.com,1/1/2024,1597,USD,US,SUCCESS,OK
TXN599,AC000599,user599@bank.com,1/1/2024,1598,USD,US,SUCCESS,OK
TXN600,AC000600,user600@bank.com,1/1/2024,1599,USD,US,SUCCESS,OK
TXN601,AC000601,user601@bank.com,1/1/2024,1600,USD,US,SUCCESS,OK
TXN602,AC000602,user602@bank.com,1/1/2024,1601,USD,US,SUCCESS,OK
TXN603,AC000603,user603@bank.com,1/1/2024,1602,USD,US,SUCCESS,OK
TXN604,AC000604,user604@bank.com,1/1/2024,1603,USD,US,SUCCESS,OK
TXN605,AC000605,user605@bank.com,1/1/2024,1604,USD,US,SUCCESS,OK
TXN606,AC000606,user606@bank.com,1/1/2024,1605,USD,US,SUCCESS,OK
TXN607,AC000607,user607@bank.com,1/1/2024,1606,USD,US,SUCCESS,OK
TXN608,AC000608,user608@bank.com,1/1/2024,1607,USD,US,SUCCESS,OK
TXN609,AC000609,user609@bank.com,1/1/2024,1608,USD,US,SUCCESS,OK
TXN610,AC000610,user610@bank.com,1/1/2024,1609,USD,US,SUCCESS,OK
TXN611,AC000611,user611@bank.com,1/1/2024,1610,USD,US,SUCCESS,OK
TXN612,AC000612,user612@bank.com,1/1/2024,1611,USD,US,SUCCESS,OK
TXN613,AC000613,user613@bank.com,1/1/2024,1612,USD,US,SUCCESS,OK
TXN614,AC000614,user614@bank.com,1/1/2024,1613,USD,US,SUCCESS,OK
TXN615,AC000615,user615@bank.com,1/1/2024,1614,USD,US,SUCCESS,OK
TXN616,AC000616,user616@bank.com,1/1/2024,1615,USD,US,SUCCESS,OK
TXN617,AC000617,user617@bank.com,1/1/2024,1616,USD,US,SUCCESS,OK
TXN618,AC000618,user618@bank.com,1/1/2024,1617,USD,US,SUCCESS,OK
TXN619,AC000619,user619@bank.com,1/1/2024,1618,USD,US,SUCCESS,OK
TXN620,AC000620,user620@bank.com,1/1/2024,1619,USD,US,SUCCESS,OK
TXN621,AC000621,user621@bank.com,1/1/2024,1620,USD,US,SUCCESS,OK
TXN622,AC000622,user622@bank.com,1/1/2024,1621,USD,US,SUCCESS,OK
TXN623,AC000623,user623@bank.com,1/1/2024,1622,USD,US,SUCCESS,OK
TXN624,AC000624,user624@bank.com,1/1/2024,1623,USD,US,SUCCESS,OK
TXN625,AC000625,user625@bank.com,1/1/2024,1624,USD,US,SUCCESS,OK
TXN626,AC000626,user626@bank.com,1/1/2024,1625,USD,US,SUCCESS,OK
TXN627,AC000627,user627@bank.com,1/1/2024,1626,USD,US,SUCCESS,OK
TXN628,AC000628,user628@bank.com,1/1/2024,1627,USD,US,SUCCESS,OK
TXN629,AC000629,user629@bank.com,1/1/2024,1628,USD,US,SUCCESS,OK
TXN630,AC000630,user630@bank.com,1/1/2024,1629,USD,US,SUCCESS,OK
TXN631,AC000631,user631@bank.com,1/1/2024,1630,USD,US,SUCCESS,OK
TXN632,AC000632,user632@bank.com,1/1/2024,1631,USD,US,SUCCESS,OK
TXN633,AC000633,user633@bank.com,1/1/2024,1632,USD,US,SUCCESS,OK
TXN634,AC000634,user634@bank.com,1/1/2024,1633,USD,US,SUCCESS,OK
TXN635,AC000635,user635@bank.com,1/1/2024,1634,USD,US,SUCCESS,OK
TXN636,AC000636,user636@bank.com,1/1/2024,1635,USD,US,SUCCESS,OK
TXN637,AC000637,user637@bank.com,1/1/2024,1636,USD,US,SUCCESS,OK
TXN638,AC000638,user638@bank.com,1/1/2024,1637,USD,US,SUCCESS,OK
TXN639,AC000639,user639@bank.com,1/1/2024,1638,USD,US,SUCCESS,OK
TXN640,AC000640,user640@bank.com,1/1/2024,1639,USD,US,SUCCESS,OK
TXN641,AC000641,user641@bank.com,1/1/2024,1640,USD,US,SUCCESS,OK
TXN642,AC000642,user642@bank.com,1/1/2024,1641,USD,US,SUCCESS,OK
TXN643,AC000643,user643@bank.com,1/1/2024,1642,USD,US,SUCCESS,OK
TXN644,AC000644,user644@bank.com,1/1/2024,1643,USD,US,SUCCESS,OK
TXN645,AC000645,user645@bank.com,1/1/2024,1644,USD,US,SUCCESS,OK
TXN646,AC000646,user646@bank.com,1/1/2024,1645,USD,US,SUCCESS,OK
TXN647,AC000647,user647@bank.com,1/1/2024,1646,USD,US,SUCCESS,OK
TXN648,AC000648,user648@bank.com,1/1/2024,1647,USD,US,SUCCESS,OK
TXN649,AC000649,user649@bank.com,1/1/2024,1648,USD,US,SUCCESS,OK
TXN650,AC000650,user650@bank.com,1/1/2024,1649,USD,US,SUCCESS,OK
TXN651,AC000651,user651@bank.com,1/1/2024,1650,USD,US,SUCCESS,OK
TXN652,AC000652,user652@bank.com,1/1/2024,1651,USD,US,SUCCESS,OK
TXN653,AC000653,user653@bank.com,1/1/2024,1652,USD,US,SUCCESS,OK
TXN654,AC000654,user654@bank.com,1/1/2024,1653,USD,US,SUCCESS,OK
TXN655,AC000655,user655@bank.com,1/1/2024,1654,USD,US,SUCCESS,OK
TXN656,AC000656,user656@bank.com,1/1/2024,1655,USD,US,SUCCESS,OK
TXN657,AC000657,user657@bank.com,1/1/2024,1656,USD,US,SUCCESS,OK
TXN658,AC000658,user658@bank.com,1/1/2024,1657,USD,US,SUCCESS,OK
TXN659,AC000659,user659@bank.com,1/1/2024,1658,USD,US,SUCCESS,OK
TXN660,AC000660,user660@bank.com,1/1/2024,1659,USD,US,SUCCESS,OK
TXN661,AC000661,user661@bank.com,1/1/2024,1660,USD,US,SUCCESS,OK
TXN662,AC000662,user662@bank.com,1/1/2024,1661,USD,US,SUCCESS,OK
TXN663,AC000663,user663@bank.com,1/1/2024,1662,USD,US,SUCCESS,OK
TXN664,AC000664,user664@bank.com,1/1/2024,1663,USD,US,SUCCESS,OK
TXN665,AC000665,user665@bank.com,1/1/2024,1664,USD,US,SUCCESS,OK
TXN666,AC000666,user666@bank.com,1/1/2024,1665,USD,US,SUCCESS,OK
TXN667,AC000667,user667@bank.com,1/1/2024,1666,USD,US,SUCCESS,OK
TXN668,AC000668,user668@bank.com,1/1/2024,1667,USD,US,SUCCESS,OK
TXN669,AC000669,user669@bank.com,1/1/2024,1668,USD,US,SUCCESS,OK
TXN670,AC000670,user670@bank.com,1/1/2024,1669,USD,US,SUCCESS,OK
TXN671,AC000671,user671@bank.com,1/1/2024,1670,USD,US,SUCCESS,OK
TXN672,AC000672,user672@bank.com,1/1/2024,1671,USD,US,SUCCESS,OK
TXN673,AC000673,user673@bank.com,1/1/2024,1672,USD,US,SUCCESS,OK
TXN674,AC000674,user674@bank.com,1/1/2024,1673,USD,US,SUCCESS,OK
TXN675,AC000675,user675@bank.com,1/1/2024,1674,USD,US,SUCCESS,OK
TXN676,AC000676,user676@bank.com,1/1/2024,1675,USD,US,SUCCESS,OK
TXN677,AC000677,user677@bank.com,1/1/2024,1676,USD,US,SUCCESS,OK
TXN678,AC000678,user678@bank.com,1/1/2024,1677,USD,US,SUCCESS,OK
TXN679,AC000679,user679@bank.com,1/1/2024,1678,USD,US,SUCCESS,OK
TXN680,AC000680,user680@bank.com,1/1/2024,1679,USD,US,SUCCESS,OK
TXN681,AC000681,user681@bank.com,1/1/2024,1680,USD,US,SUCCESS,OK
TXN682,AC000682,user682@bank.com,1/1/2024,1681,USD,US,SUCCESS,OK
TXN683,AC000683,user683@bank.com,1/1/2024,1682,USD,US,SUCCESS,OK
TXN684,AC000684,user684@bank.com,1/1/2024,1683,USD,US,SUCCESS,OK
TXN685,AC000685,user685@bank.com,1/1/2024,1684,USD,US,SUCCESS,OK
TXN686,AC000686,user686@bank.com,1/1/2024,1685,USD,US,SUCCESS,OK
TXN687,AC000687,user687@bank.com,1/1/2024,1686,USD,US,SUCCESS,OK
TXN688,AC000688,user688@bank.com,1/1/2024,1687,USD,US,SUCCESS,OK
TXN689,AC000689,user689@bank.com,1/1/2024,1688,USD,US,SUCCESS,OK
TXN690,AC000690,user690@bank.com,1/1/2024,1689,USD,US,SUCCESS,OK
TXN691,AC000691,user691@bank.com,1/1/2024,1690,USD,US,SUCCESS,OK
TXN692,AC000692,user692@bank.com,1/1/2024,1691,USD,US,SUCCESS,OK
TXN693,AC000693,user693@bank.com,1/1/2024,1692,USD,US,SUCCESS,OK
TXN694,AC000694,user694@bank.com,1/1/2024,1693,USD,US,SUCCESS,OK
TXN695,AC000695,user695@bank.com,1/1/2024,1694,USD,US,SUCCESS,OK
TXN696,AC000696,user696@bank.com,1/1/2024,1695,USD,US,SUCCESS,OK
TXN697,AC000697,user697@bank.com,1/1/2024,1696,USD,US,SUCCESS,OK
TXN698,AC000698,user698@bank.com,1/1/2024,1697,USD,US,SUCCESS,OK
TXN699,AC000699,user699@bank.com,1/1/2024,1698,USD,US,SUCCESS,OK
TXN700,AC000700,user700@bank.com,1/1/2024,1699,USD,US,SUCCESS,OK
TXN701,AC000701,user701@bank.com,1/1/2024,1700,USD,US,SUCCESS,OK
TXN702,AC000702,user702@bank.com,1/1/2024,1701,USD,US,SUCCESS,OK
TXN703,AC000703,user703@bank.com,1/1/2024,1702,USD,US,SUCCESS,OK
TXN704,AC000704,user704@bank.com,1/1/2024,1703,USD,US,SUCCESS,OK
TXN705,AC000705,user705@bank.com,1/1/2024,1704,USD,US,SUCCESS,OK
TXN706,AC000706,user706@bank.com,1/1/2024,1705,USD,US,SUCCESS,OK
TXN707,AC000707,user707@bank.com,1/1/2024,1706,USD,US,SUCCESS,OK
TXN708,AC000708,user708@bank.com,1/1/2024,1707,USD,US,SUCCESS,OK
TXN709,AC000709,user709@bank.com,1/1/2024,1708,USD,US,SUCCESS,OK
TXN710,AC000710,user710@bank.com,1/1/2024,1709,USD,US,SUCCESS,OK
TXN711,AC000711,user711@bank.com,1/1/2024,1710,USD,US,SUCCESS,OK
TXN712,AC000712,user712@bank.com,1/1/2024,1711,USD,US,SUCCESS,OK
TXN713,AC000713,user713@bank.com,1/1/2024,1712,USD,US,SUCCESS,OK
TXN714,AC000714,user714@bank.com,1/1/2024,1713,USD,US,SUCCESS,OK
TXN715,AC000715,user715@bank.com,1/1/2024,1714,USD,US,SUCCESS,OK
TXN716,AC000716,user716@bank.com,1/1/2024,1715,USD,US,SUCCESS,OK
TXN717,AC000717,user717@bank.com,1/1/2024,1716,USD,US,SUCCESS,OK
TXN718,AC000718,user718@bank.com,1/1/2024,1717,USD,US,SUCCESS,OK
TXN719,AC000719,user719@bank.com,1/1/2024,1718,USD,US,SUCCESS,OK
TXN720,AC000720,user720@bank.com,1/1/2024,1719,USD,US,SUCCESS,OK
TXN721,AC000721,user721@bank.com,1/1/2024,1720,USD,US,SUCCESS,OK
TXN722,AC000722,user722@bank.com,1/1/2024,1721,USD,US,SUCCESS,OK
TXN723,AC000723,user723@bank.com,1/1/2024,1722,USD,US,SUCCESS,OK
TXN724,AC000724,user724@bank.com,1/1/2024,1723,USD,US,SUCCESS,OK
TXN725,AC000725,user725@bank.com,1/1/2024,1724,USD,US,SUCCESS,OK
TXN726,AC000726,user726@bank.com,1/1/2024,1725,USD,US,SUCCESS,OK
TXN727,AC000727,user727@bank.com,1/1/2024,1726,USD,US,SUCCESS,OK
TXN728,AC000728,user728@bank.com,1/1/2024,1727,USD,US,SUCCESS,OK
TXN729,AC000729,user729@bank.com,1/1/2024,1728,USD,US,SUCCESS,OK
TXN730,AC000730,user730@bank.com,1/1/2024,1729,USD,US,SUCCESS,OK
TXN731,AC000731,user731@bank.com,1/1/2024,1730,USD,US,SUCCESS,OK
TXN732,AC000732,user732@bank.com,1/1/2024,1731,USD,US,SUCCESS,OK
TXN733,AC000733,user733@bank.com,1/1/2024,1732,USD,US,SUCCESS,OK
TXN734,AC000734,user734@bank.com,1/1/2024,1733,USD,US,SUCCESS,OK
TXN735,AC000735,user735@bank.com,1/1/2024,1734,USD,US,SUCCESS,OK
TXN736,AC000736,user736@bank.com,1/1/2024,1735,USD,US,SUCCESS,OK
TXN737,AC000737,user737@bank.com,1/1/2024,1736,USD,US,SUCCESS,OK
TXN738,AC000738,user738@bank.com,1/1/2024,1737,USD,US,SUCCESS,OK
TXN739,AC000739,user739@bank.com,1/1/2024,1738,USD,US,SUCCESS,OK
TXN740,AC000740,user740@bank.com,1/1/2024,1739,USD,US,SUCCESS,OK
TXN741,AC000741,user741@bank.com,1/1/2024,1740,USD,US,SUCCESS,OK
TXN742,AC000742,user742@bank.com,1/1/2024,1741,USD,US,SUCCESS,OK
TXN743,AC000743,user743@bank.com,1/1/2024,1742,USD,US,SUCCESS,OK
TXN744,AC000744,user744@bank.com,1/1/2024,1743,USD,US,SUCCESS,OK
TXN745,AC000745,user745@bank.com,1/1/2024,1744,USD,US,SUCCESS,OK
TXN746,AC000746,user746@bank.com,1/1/2024,1745,USD,US,SUCCESS,OK
TXN747,AC000747,user747@bank.com,1/1/2024,1746,USD,US,SUCCESS,OK
TXN748,AC000748,user748@bank.com,1/1/2024,1747,USD,US,SUCCESS,OK
TXN749,AC000749,user749@bank.com,1/1/2024,1748,USD,US,SUCCESS,OK
TXN750,AC000750,user750@bank.com,1/1/2024,1749,USD,US,SUCCESS,OK
TXN751,AC000751,user751@bank.com,1/1/2024,1750,USD,US,SUCCESS,OK
TXN752,AC000752,user752@bank.com,1/1/2024,1751,USD,US,SUCCESS,OK
TXN753,AC000753,user753@bank.com,1/1/2024,1752,USD,US,SUCCESS,OK
TXN754,AC000754,user754@bank.com,1/1/2024,1753,USD,US,SUCCESS,OK
TXN755,AC000755,user755@bank.com,1/1/2024,1754,USD,US,SUCCESS,OK
TXN756,AC000756,user756@bank.com,1/1/2024,1755,USD,US,SUCCESS,OK
TXN757,AC000757,user757@bank.com,1/1/2024,1756,USD,US,SUCCESS,OK
TXN758,AC000758,user758@bank.com,1/1/2024,1757,USD,US,SUCCESS,OK
TXN759,AC000759,user759@bank.com,1/1/2024,1758,USD,US,SUCCESS,OK
TXN760,AC000760,user760@bank.com,1/1/2024,1759,USD,US,SUCCESS,OK
TXN761,AC000761,user761@bank.com,1/1/2024,1760,USD,US,SUCCESS,OK
TXN762,AC000762,user762@bank.com,1/1/2024,1761,USD,US,SUCCESS,OK
TXN763,AC000763,user763@bank.com,1/1/2024,1762,USD,US,SUCCESS,OK
TXN764,AC000764,user764@bank.com,1/1/2024,1763,USD,US,SUCCESS,OK
TXN765,AC000765,user765@bank.com,1/1/2024,1764,USD,US,SUCCESS,OK
TXN766,AC000766,user766@bank.com,1/1/2024,1765,USD,US,SUCCESS,OK
TXN767,AC000767,user767@bank.com,1/1/2024,1766,USD,US,SUCCESS,OK
TXN768,AC000768,user768@bank.com,1/1/2024,1767,USD,US,SUCCESS,OK
TXN769,AC000769,user769@bank.com,1/1/2024,1768,USD,US,SUCCESS,OK
TXN770,AC000770,user770@bank.com,1/1/2024,1769,USD,US,SUCCESS,OK
TXN771,AC000771,user771@bank.com,1/1/2024,1770,USD,US,SUCCESS,OK
TXN772,AC000772,user772@bank.com,1/1/2024,1771,USD,US,SUCCESS,OK
TXN773,AC000773,user773@bank.com,1/1/2024,1772,USD,US,SUCCESS,OK
TXN774,AC000774,user774@bank.com,1/1/2024,1773,USD,US,SUCCESS,OK
TXN775,AC000775,user775@bank.com,1/1/2024,1774,USD,US,SUCCESS,OK
TXN776,AC000776,user776@bank.com,1/1/2024,1775,USD,US,SUCCESS,OK
TXN777,AC000777,user777@bank.com,1/1/2024,1776,USD,US,SUCCESS,OK
TXN778,AC000778,user778@bank.com,1/1/2024,1777,USD,US,SUCCESS,OK
TXN779,AC000779,user779@bank.com,1/1/2024,1778,USD,US,SUCCESS,OK
TXN780,AC000780,user780@bank.com,1/1/2024,1779,USD,US,SUCCESS,OK
TXN781,AC000781,user781@bank.com,1/1/2024,1780,USD,US,SUCCESS,OK
TXN782,AC000782,user782@bank.com,1/1/2024,1781,USD,US,SUCCESS,OK
TXN783,AC000783,user783@bank.com,1/1/2024,1782,USD,US,SUCCESS,OK
TXN784,AC000784,user784@bank.com,1/1/2024,1783,USD,US,SUCCESS,OK
TXN785,AC000785,user785@bank.com,1/1/2024,1784,USD,US,SUCCESS,OK
TXN786,AC000786,user786@bank.com,1/1/2024,1785,USD,US,SUCCESS,OK
TXN787,AC000787,user787@bank.com,1/1/2024,1786,USD,US,SUCCESS,OK
TXN788,AC000788,user788@bank.com,1/1/2024,1787,USD,US,SUCCESS,OK
TXN789,AC000789,user789@bank.com,1/1/2024,1788,USD,US,SUCCESS,OK
TXN790,AC000790,user790@bank.com,1/1/2024,1789,USD,US,SUCCESS,OK
TXN791,AC000791,user791@bank.com,1/1/2024,1790,USD,US,SUCCESS,OK
TXN792,AC000792,user792@bank.com,1/1/2024,1791,USD,US,SUCCESS,OK
TXN793,AC000793,user793@bank.com,1/1/2024,1792,USD,US,SUCCESS,OK
TXN794,AC000794,user794@bank.com,1/1/2024,1793,USD,US,SUCCESS,OK
TXN795,AC000795,user795@bank.com,1/1/2024,1794,USD,US,SUCCESS,OK
TXN796,AC000796,user796@bank.com,1/1/2024,1795,USD,US,SUCCESS,OK
TXN797,AC000797,user797@bank.com,1/1/2024,1796,USD,US,SUCCESS,OK
TXN798,AC000798,user798@bank.com,1/1/2024,1797,USD,US,SUCCESS,OK
TXN799,AC000799,user799@bank.com,1/1/2024,1798,USD,US,SUCCESS,OK
TXN800,AC000800,user800@bank.com,1/1/2024,1799,USD,US,SUCCESS,OK
TXN801,AC000801,user801@bank.com,1/1/2024,1800,USD,US,SUCCESS,OK
TXN802,AC000802,user802@bank.com,1/1/2024,1801,USD,US,SUCCESS,OK
TXN803,AC000803,user803@bank.com,1/1/2024,1802,USD,US,SUCCESS,OK
TXN804,AC000804,user804@bank.com,1/1/2024,1803,USD,US,SUCCESS,OK
TXN805,AC000805,user805@bank.com,1/1/2024,1804,USD,US,SUCCESS,OK
TXN806,AC000806,user806@bank.com,1/1/2024,1805,USD,US,SUCCESS,OK
TXN807,AC000807,user807@bank.com,1/1/2024,1806,USD,US,SUCCESS,OK
TXN808,AC000808,user808@bank.com,1/1/2024,1807,USD,US,SUCCESS,OK
TXN809,AC000809,user809@bank.com,1/1/2024,1808,USD,US,SUCCESS,OK
TXN810,AC000810,user810@bank.com,1/1/2024,1809,USD,US,SUCCESS,OK
TXN811,AC000811,user811@bank.com,1/1/2024,1810,USD,US,SUCCESS,OK
TXN812,AC000812,user812@bank.com,1/1/2024,1811,USD,US,SUCCESS,OK
TXN813,AC000813,user813@bank.com,1/1/2024,1812,USD,US,SUCCESS,OK
TXN814,AC000814,user814@bank.com,1/1/2024,1813,USD,US,SUCCESS,OK
TXN815,AC000815,user815@bank.com,1/1/2024,1814,USD,US,SUCCESS,OK
TXN816,AC000816,user816@bank.com,1/1/2024,1815,USD,US,SUCCESS,OK
TXN817,AC000817,user817@bank.com,1/1/2024,1816,USD,US,SUCCESS,OK
TXN818,AC000818,user818@bank.com,1/1/2024,1817,USD,US,SUCCESS,OK
TXN819,AC000819,user819@bank.com,1/1/2024,1818,USD,US,SUCCESS,OK
TXN820,AC000820,user820@bank.com,1/1/2024,1819,USD,US,SUCCESS,OK
TXN821,AC000821,user821@bank.com,1/1/2024,1820,USD,US,SUCCESS,OK
TXN822,AC000822,user822@bank.com,1/1/2024,1821,USD,US,SUCCESS,OK
TXN823,AC000823,user823@bank.com,1/1/2024,1822,USD,US,SUCCESS,OK
TXN824,AC000824,user824@bank.com,1/1/2024,1823,USD,US,SUCCESS,OK
TXN825,AC000825,user825@bank.com,1/1/2024,1824,USD,US,SUCCESS,OK
TXN826,AC000826,user826@bank.com,1/1/2024,1825,USD,US,SUCCESS,OK
TXN827,AC000827,user827@bank.com,1/1/2024,1826,USD,US,SUCCESS,OK
TXN828,AC000828,user828@bank.com,1/1/2024,1827,USD,US,SUCCESS,OK
TXN829,AC000829,user829@bank.com,1/1/2024,1828,USD,US,SUCCESS,OK
TXN830,AC000830,user830@bank.com,1/1/2024,1829,USD,US,SUCCESS,OK
TXN831,AC000831,user831@bank.com,1/1/2024,1830,USD,US,SUCCESS,OK
TXN832,AC000832,user832@bank.com,1/1/2024,1831,USD,US,SUCCESS,OK
TXN833,AC000833,user833@bank.com,1/1/2024,1832,USD,US,SUCCESS,OK
TXN834,AC000834,user834@bank.com,1/1/2024,1833,USD,US,SUCCESS,OK
TXN835,AC000835,user835@bank.com,1/1/2024,1834,USD,US,SUCCESS,OK
TXN836,AC000836,user836@bank.com,1/1/2024,1835,USD,US,SUCCESS,OK
TXN837,AC000837,user837@bank.com,1/1/2024,1836,USD,US,SUCCESS,OK
TXN838,AC000838,user838@bank.com,1/1/2024,1837,USD,US,SUCCESS,OK
TXN839,AC000839,user839@bank.com,1/1/2024,1838,USD,US,SUCCESS,OK
TXN840,AC000840,user840@bank.com,1/1/2024,1839,USD,US,SUCCESS,OK
TXN841,AC000841,user841@bank.com,1/1/2024,1840,USD,US,SUCCESS,OK
TXN842,AC000842,user842@bank.com,1/1/2024,1841,USD,US,SUCCESS,OK
TXN843,AC000843,user843@bank.com,1/1/2024,1842,USD,US,SUCCESS,OK
TXN844,AC000844,user844@bank.com,1/1/2024,1843,USD,US,SUCCESS,OK
TXN845,AC000845,user845@bank.com,1/1/2024,1844,USD,US,SUCCESS,OK
TXN846,AC000846,user846@bank.com,1/1/2024,1845,USD,US,SUCCESS,OK
TXN847,AC000847,user847@bank.com,1/1/2024,1846,USD,US,SUCCESS,OK
TXN848,AC000848,user848@bank.com,1/1/2024,1847,USD,US,SUCCESS,OK
TXN849,AC000849,user849@bank.com,1/1/2024,1848,USD,US,SUCCESS,OK
TXN850,AC000850,user850@bank.com,1/1/2024,1849,USD,US,SUCCESS,OK
TXN851,AC000851,user851@bank.com,1/1/2024,1850,USD,US,SUCCESS,OK
TXN852,AC000852,user852@bank.com,1/1/2024,1851,USD,US,SUCCESS,OK
TXN853,AC000853,user853@bank.com,1/1/2024,1852,USD,US,SUCCESS,OK
TXN854,AC000854,user854@bank.com,1/1/2024,1853,USD,US,SUCCESS,OK
TXN855,AC000855,user855@bank.com,1/1/2024,1854,USD,US,SUCCESS,OK
TXN856,AC000856,user856@bank.com,1/1/2024,1855,USD,US,SUCCESS,OK
TXN857,AC000857,user857@bank.com,1/1/2024,1856,USD,US,SUCCESS,OK
TXN858,AC000858,user858@bank.com,1/1/2024,1857,USD,US,SUCCESS,OK
TXN859,AC000859,user859@bank.com,1/1/2024,1858,USD,US,SUCCESS,OK
TXN860,AC000860,user860@bank.com,1/1/2024,1859,USD,US,SUCCESS,OK
TXN861,AC000861,user861@bank.com,1/1/2024,1860,USD,US,SUCCESS,OK
TXN862,AC000862,user862@bank.com,1/1/2024,1861,USD,US,SUCCESS,OK
TXN863,AC000863,user863@bank.com,1/1/2024,1862,USD,US,SUCCESS,OK
TXN864,AC000864,user864@bank.com,1/1/2024,1863,USD,US,SUCCESS,OK
TXN865,AC000865,user865@bank.com,1/1/2024,1864,USD,US,SUCCESS,OK
TXN866,AC000866,user866@bank.com,1/1/2024,1865,USD,US,SUCCESS,OK
TXN867,AC000867,user867@bank.com,1/1/2024,1866,USD,US,SUCCESS,OK
TXN868,AC000868,user868@bank.com,1/1/2024,1867,USD,US,SUCCESS,OK
TXN869,AC000869,user869@bank.com,1/1/2024,1868,USD,US,SUCCESS,OK
TXN870,AC000870,user870@bank.com,1/1/2024,1869,USD,US,SUCCESS,OK
TXN871,AC000871,user871@bank.com,1/1/2024,1870,USD,US,SUCCESS,OK
TXN872,AC000872,user872@bank.com,1/1/2024,1871,USD,US,SUCCESS,OK
TXN873,AC000873,user873@bank.com,1/1/2024,1872,USD,US,SUCCESS,OK
TXN874,AC000874,user874@bank.com,1/1/2024,1873,USD,US,SUCCESS,OK
TXN875,AC000875,user875@bank.com,1/1/2024,1874,USD,US,SUCCESS,OK
TXN876,AC000876,user876@bank.com,1/1/2024,1875,USD,US,SUCCESS,OK
TXN877,AC000877,user877@bank.com,1/1/2024,1876,USD,US,SUCCESS,OK
TXN878,AC000878,user878@bank.com,1/1/2024,1877,USD,US,SUCCESS,OK
TXN879,AC000879,user879@bank.com,1/1/2024,1878,USD,US,SUCCESS,OK
TXN880,AC000880,user880@bank.com,1/1/2024,1879,USD,US,SUCCESS,OK
TXN881,AC000881,user881@bank.com,1/1/2024,1880,USD,US,SUCCESS,OK
TXN882,AC000882,user882@bank.com,1/1/2024,1881,USD,US,SUCCESS,OK
TXN883,AC000883,user883@bank.com,1/1/2024,1882,USD,US,SUCCESS,OK
TXN884,AC000884,user884@bank.com,1/1/2024,1883,USD,US,SUCCESS,OK
TXN885,AC000885,user885@bank.com,1/1/2024,1884,USD,US,SUCCESS,OK
TXN886,AC000886,user886@bank.com,1/1/2024,1885,USD,US,SUCCESS,OK
TXN887,AC000887,user887@bank.com,1/1/2024,1886,USD,US,SUCCESS,OK
TXN888,AC000888,user888@bank.com,1/1/2024,1887,USD,US,SUCCESS,OK
TXN889,AC000889,user889@bank.com,1/1/2024,1888,USD,US,SUCCESS,OK
TXN890,AC000890,user890@bank.com,1/1/2024,1889,USD,US,SUCCESS,OK
TXN891,AC000891,user891@bank.com,1/1/2024,1890,USD,US,SUCCESS,OK
TXN892,AC000892,user892@bank.com,1/1/2024,1891,USD,US,SUCCESS,OK
TXN893,AC000893,user893@bank.com,1/1/2024,1892,USD,US,SUCCESS,OK
TXN894,AC000894,user894@bank.com,1/1/2024,1893,USD,US,SUCCESS,OK
TXN895,AC000895,user895@bank.com,1/1/2024,1894,USD,US,SUCCESS,OK
TXN896,AC000896,user896@bank.com,1/1/2024,1895,USD,US,SUCCESS,OK
TXN897,AC000897,user897@bank.com,1/1/2024,1896,USD,US,SUCCESS,OK
TXN898,AC000898,user898@bank.com,1/1/2024,1897,USD,US,SUCCESS,OK
TXN899,AC000899,user899@bank.com,1/1/2024,1898,USD,US,SUCCESS,OK
TXN900,AC000900,user900@bank.com,1/1/2024,1899,USD,US,SUCCESS,OK
TXN901,AC000901,user901@bank.com,1/1/2024,1900,USD,US,SUCCESS,OK
TXN902,AC000902,user902@bank.com,1/1/2024,1901,USD,US,SUCCESS,OK
TXN903,AC000903,user903@bank.com,1/1/2024,1902,USD,US,SUCCESS,OK
TXN904,AC000904,user904@bank.com,1/1/2024,1903,USD,US,SUCCESS,OK
TXN905,AC000905,user905@bank.com,1/1/2024,1904,USD,US,SUCCESS,OK
TXN906,AC000906,user906@bank.com,1/1/2024,1905,USD,US,SUCCESS,OK
TXN907,AC000907,user907@bank.com,1/1/2024,1906,USD,US,SUCCESS,OK
TXN908,AC000908,user908@bank.com,1/1/2024,1907,USD,US,SUCCESS,OK
TXN909,AC000909,user909@bank.com,1/1/2024,1908,USD,US,SUCCESS,OK
TXN910,AC000910,user910@bank.com,1/1/2024,1909,USD,US,SUCCESS,OK
TXN911,AC000911,user911@bank.com,1/1/2024,1910,USD,US,SUCCESS,OK
TXN912,AC000912,user912@bank.com,1/1/2024,1911,USD,US,SUCCESS,OK
TXN913,AC000913,user913@bank.com,1/1/2024,1912,USD,US,SUCCESS,OK
TXN914,AC000914,user914@bank.com,1/1/2024,1913,USD,US,SUCCESS,OK
TXN915,AC000915,user915@bank.com,1/1/2024,1914,USD,US,SUCCESS,OK
TXN916,AC000916,user916@bank.com,1/1/2024,1915,USD,US,SUCCESS,OK
TXN917,AC000917,user917@bank.com,1/1/2024,1916,USD,US,SUCCESS,OK
TXN918,AC000918,user918@bank.com,1/1/2024,1917,USD,US,SUCCESS,OK
TXN919,AC000919,user919@bank.com,1/1/2024,1918,USD,US,SUCCESS,OK
TXN920,AC000920,user920@bank.com,1/1/2024,1919,USD,US,SUCCESS,OK
TXN921,AC000921,user921@bank.com,1/1/2024,1920,USD,US,SUCCESS,OK
TXN922,AC000922,user922@bank.com,1/1/2024,1921,USD,US,SUCCESS,OK
TXN923,AC000923,user923@bank.com,1/1/2024,1922,USD,US,SUCCESS,OK
TXN924,AC000924,user924@bank.com,1/1/2024,1923,USD,US,SUCCESS,OK
TXN925,AC000925,user925@bank.com,1/1/2024,1924,USD,US,SUCCESS,OK
TXN926,AC000926,user926@bank.com,1/1/2024,1925,USD,US,SUCCESS,OK
TXN927,AC000927,user927@bank.com,1/1/2024,1926,USD,US,SUCCESS,OK
TXN928,AC000928,user928@bank.com,1/1/2024,1927,USD,US,SUCCESS,OK
TXN929,AC000929,user929@bank.com,1/1/2024,1928,USD,US,SUCCESS,OK
TXN930,AC000930,user930@bank.com,1/1/2024,1929,USD,US,SUCCESS,OK
TXN931,AC000931,user931@bank.com,1/1/2024,1930,USD,US,SUCCESS,OK
TXN932,AC000932,user932@bank.com,1/1/2024,1931,USD,US,SUCCESS,OK
TXN933,AC000933,user933@bank.com,1/1/2024,1932,USD,US,SUCCESS,OK
TXN934,AC000934,user934@bank.com,1/1/2024,1933,USD,US,SUCCESS,OK
TXN935,AC000935,user935@bank.com,1/1/2024,1934,USD,US,SUCCESS,OK
TXN936,AC000936,user936@bank.com,1/1/2024,1935,USD,US,SUCCESS,OK
TXN937,AC000937,user937@bank.com,1/1/2024,1936,USD,US,SUCCESS,OK
TXN938,AC000938,user938@bank.com,1/1/2024,1937,USD,US,SUCCESS,OK
TXN939,AC000939,user939@bank.com,1/1/2024,1938,USD,US,SUCCESS,OK
TXN940,AC000940,user940@bank.com,1/1/2024,1939,USD,US,SUCCESS,OK
TXN941,AC000941,user941@bank.com,1/1/2024,1940,USD,US,SUCCESS,OK
TXN942,AC000942,user942@bank.com,1/1/2024,1941,USD,US,SUCCESS,OK
TXN943,AC000943,user943@bank.com,1/1/2024,1942,USD,US,SUCCESS,OK
TXN944,AC000944,user944@bank.com,1/1/2024,1943,USD,US,SUCCESS,OK
TXN945,AC000945,user945@bank.com,1/1/2024,1944,USD,US,SUCCESS,OK
TXN946,AC000946,user946@bank.com,1/1/2024,1945,USD,US,SUCCESS,OK
TXN947,AC000947,user947@bank.com,1/1/2024,1946,USD,US,SUCCESS,OK
TXN948,AC000948,user948@bank.com,1/1/2024,1947,USD,US,SUCCESS,OK
TXN949,AC000949,user949@bank.com,1/1/2024,1948,USD,US,SUCCESS,OK
TXN950,AC000950,user950@bank.com,1/1/2024,1949,USD,US,SUCCESS,OK
TXN951,AC000951,user951@bank.com,1/1/2024,1950,USD,US,SUCCESS,OK
TXN952,AC000952,user952@bank.com,1/1/2024,1951,USD,US,SUCCESS,OK
TXN953,AC000953,user953@bank.com,1/1/2024,1952,USD,US,SUCCESS,OK
TXN954,AC000954,user954@bank.com,1/1/2024,1953,USD,US,SUCCESS,OK
TXN955,AC000955,user955@bank.com,1/1/2024,1954,USD,US,SUCCESS,OK
TXN956,AC000956,user956@bank.com,1/1/2024,1955,USD,US,SUCCESS,OK
TXN957,AC000957,user957@bank.com,1/1/2024,1956,USD,US,SUCCESS,OK
TXN958,AC000958,user958@bank.com,1/1/2024,1957,USD,US,SUCCESS,OK
TXN959,AC000959,user959@bank.com,1/1/2024,1958,USD,US,SUCCESS,OK
TXN960,AC000960,user960@bank.com,1/1/2024,1959,USD,US,SUCCESS,OK
TXN961,AC000961,user961@bank.com,1/1/2024,1960,USD,US,SUCCESS,OK
TXN962,AC000962,user962@bank.com,1/1/2024,1961,USD,US,SUCCESS,OK
TXN963,AC000963,user963@bank.com,1/1/2024,1962,USD,US,SUCCESS,OK
TXN964,AC000964,user964@bank.com,1/1/2024,1963,USD,US,SUCCESS,OK
TXN965,AC000965,user965@bank.com,1/1/2024,1964,USD,US,SUCCESS,OK
TXN966,AC000966,user966@bank.com,1/1/2024,1965,USD,US,SUCCESS,OK
TXN967,AC000967,user967@bank.com,1/1/2024,1966,USD,US,SUCCESS,OK
TXN968,AC000968,user968@bank.com,1/1/2024,1967,USD,US,SUCCESS,OK
TXN969,AC000969,user969@bank.com,1/1/2024,1968,USD,US,SUCCESS,OK
TXN970,AC000970,user970@bank.com,1/1/2024,1969,USD,US,SUCCESS,OK
TXN971,AC000971,user971@bank.com,1/1/2024,1970,USD,US,SUCCESS,OK
TXN972,AC000972,user972@bank.com,1/1/2024,1971,USD,US,SUCCESS,OK
TXN973,AC000973,user973@bank.com,1/1/2024,1972,USD,US,SUCCESS,OK
TXN974,AC000974,user974@bank.com,1/1/2024,1973,USD,US,SUCCESS,OK
TXN975,AC000975,user975@bank.com,1/1/2024,1974,USD,US,SUCCESS,OK
TXN976,AC000976,user976@bank.com,1/1/2024,1975,USD,US,SUCCESS,OK
TXN977,AC000977,user977@bank.com,1/1/2024,1976,USD,US,SUCCESS,OK
TXN978,AC000978,user978@bank.com,1/1/2024,1977,USD,US,SUCCESS,OK
TXN979,AC000979,user979@bank.com,1/1/2024,1978,USD,US,SUCCESS,OK
TXN980,AC000980,user980@bank.com,1/1/2024,1979,USD,US,SUCCESS,OK
TXN981,AC000981,user981@bank.com,1/1/2024,1980,USD,US,SUCCESS,OK
TXN982,AC000982,user982@bank.com,1/1/2024,1981,USD,US,SUCCESS,OK
TXN983,AC000983,user983@bank.com,1/1/2024,1982,USD,US,SUCCESS,OK
TXN984,AC000984,user984@bank.com,1/1/2024,1983,USD,US,SUCCESS,OK
TXN985,AC000985,user985@bank.com,1/1/2024,1984,USD,US,SUCCESS,OK
TXN986,AC000986,user986@bank.com,1/1/2024,1985,USD,US,SUCCESS,OK
TXN987,AC000987,user987@bank.com,1/1/2024,1986,USD,US,SUCCESS,OK
TXN988,AC000988,user988@bank.com,1/1/2024,1987,USD,US,SUCCESS,OK
TXN989,AC000989,user989@bank.com,1/1/2024,1988,USD,US,SUCCESS,OK
TXN990,AC000990,user990@bank.com,1/1/2024,1989,USD,US,SUCCESS,OK
TXN991,AC000991,user991@bank.com,1/1/2024,1990,USD,US,SUCCESS,OK
TXN992,AC000992,user992@bank.com,1/1/2024,1991,USD,US,SUCCESS,OK
TXN993,AC000993,user993@bank.com,1/1/2024,1992,USD,US,SUCCESS,OK
TXN994,AC000994,user994@bank.com,1/1/2024,1993,USD,US,SUCCESS,OK
TXN995,AC000995,user995@bank.com,1/1/2024,1994,USD,US,SUCCESS,OK
TXN996,AC000996,user996@bank.com,1/1/2024,1995,USD,US,SUCCESS,OK
TXN997,AC000997,user997@bank.com,1/1/2024,1996,USD,US,SUCCESS,OK
TXN998,AC000998,user998@bank.com,1/1/2024,1997,USD,US,SUCCESS,OK
TXN999,AC000999,user999@bank.com,1/1/2024,1998,USD,US,SUCCESS,OK
TXN1000,AC001000,user1000@bank.com,1/1/2024,1999,USD,US,SUCCESS,OK
TXN885,AC000885,user885@bank.com,1/1/2024,1884,USD,US,SUCCESS,OK
TXN886,AC000886,user886@bank.com,1/1/2024,1885,USD,US,SUCCESS,OK
TXN887,AC000887,user887@bank.com,1/1/2024,1886,USD,US,SUCCESS,OK
TXN888,AC000888,user888@bank.com,1/1/2024,1887,USD,US,SUCCESS,OK
TXN889,AC000889,user889@bank.com,1/1/2024,1888,USD,US,SUCCESS,OK
TXN890,AC000890,user890@bank.com,1/1/2024,1889,USD,US,SUCCESS,OK
TXN891,AC000891,user891@bank.com,1/1/2024,1890,USD,US,SUCCESS,OK
TXN892,AC000892,user892@bank.com,1/1/2024,1891,USD,US,SUCCESS,OK
TXN893,AC000893,user893@bank.com,1/1/2024,1892,USD,US,SUCCESS,OK
TXN894,AC000894,user894@bank.com,1/1/2024,1893,USD,US,SUCCESS,OK
TXN895,AC000895,user895@bank.com,1/1/2024,1894,USD,US,SUCCESS,OK
TXN896,AC000896,user896@bank.com,1/1/2024,1895,USD,US,SUCCESS,OK
TXN897,AC000897,user897@bank.com,1/1/2024,1896,USD,US,SUCCESS,OK
TXN898,AC000898,user898@bank.com,1/1/2024,1897,USD,US,SUCCESS,OK
TXN899,AC000899,user899@bank.com,1/1/2024,1898,USD,US,SUCCESS,OK
TXN900,AC000900,user900@bank.com,1/1/2024,1899,USD,US,SUCCESS,OK
TXN901,AC000901,user901@bank.com,1/1/2024,1900,USD,US,SUCCESS,OK
TXN902,AC000902,user902@bank.com,1/1/2024,1901,USD,US,SUCCESS,OK
TXN903,AC000903,user903@bank.com,1/1/2024,1902,USD,US,SUCCESS,OK
TXN904,AC000904,user904@bank.com,1/1/2024,1903,USD,US,SUCCESS,OK
TXN905,AC000905,user905@bank.com,1/1/2024,1904,USD,US,SUCCESS,OK
TXN906,AC000906,user906@bank.com,1/1/2024,1905,USD,US,SUCCESS,OK
TXN907,AC000907,user907@bank.com,1/1/2024,1906,USD,US,SUCCESS,OK
TXN908,AC000908,user908@bank.com,1/1/2024,1907,USD,US,SUCCESS,OK
TXN909,AC000909,user909@bank.com,1/1/2024,1908,USD,US,SUCCESS,OK
TXN910,AC000910,user910@bank.com,1/1/2024,1909,USD,US,SUCCESS,OK
TXN911,AC000911,user911@bank.com,1/1/2024,1910,USD,US,SUCCESS,OK
TXN912,AC000912,user912@bank.com,1/1/2024,1911,USD,US,SUCCESS,OK
TXN913,AC000913,user913@bank.com,1/1/2024,1912,USD,US,SUCCESS,OK
TXN914,AC000914,user914@bank.com,1/1/2024,1913,USD,US,SUCCESS,OK
TXN915,AC000915,user915@bank.com,1/1/2024,1914,USD,US,SUCCESS,OK
TXN916,AC000916,user916@bank.com,1/1/2024,1915,USD,US,SUCCESS,OK
TXN917,AC000917,user917@bank.com,1/1/2024,1916,USD,US,SUCCESS,OK
TXN918,AC000918,user918@bank.com,1/1/2024,1917,USD,US,SUCCESS,OK
TXN919,AC000919,user919@bank.com,1/1/2024,1918,USD,US,SUCCESS,OK
TXN920,AC000920,user920@bank.com,1/1/2024,1919,USD,US,SUCCESS,OK
TXN921,AC000921,user921@bank.com,1/1/2024,1920,USD,US,SUCCESS,OK
TXN922,AC000922,user922@bank.com,1/1/2024,1921,USD,US,SUCCESS,OK
TXN923,AC000923,user923@bank.com,1/1/2024,1922,USD,US,SUCCESS,OK
TXN924,AC000924,user924@bank.com,1/1/2024,1923,USD,US,SUCCESS,OK
TXN925,AC000925,user925@bank.com,1/1/2024,1924,USD,US,SUCCESS,OK
TXN926,AC000926,user926@bank.com,1/1/2024,1925,USD,US,SUCCESS,OK
TXN927,AC000927,user927@bank.com,1/1/2024,1926,USD,US,SUCCESS,OK
TXN928,AC000928,user928@bank.com,1/1/2024,1927,USD,US,SUCCESS,OK
TXN929,AC000929,user929@bank.com,1/1/2024,1928,USD,US,SUCCESS,OK
TXN930,AC000930,user930@bank.com,1/1/2024,1929,USD,US,SUCCESS,OK
TXN931,AC000931,user931@bank.com,1/1/2024,1930,USD,US,SUCCESS,OK
TXN932,AC000932,user932@bank.com,1/1/2024,1931,USD,US,SUCCESS,OK
TXN933,AC000933,user933@bank.com,1/1/2024,1932,USD,US,SUCCESS,OK
TXN934,AC000934,user934@bank.com,1/1/2024,1933,USD,US,SUCCESS,OK
TXN935,AC000935,user935@bank.com,1/1/2024,1934,USD,US,SUCCESS,OK
TXN936,AC000936,user936@bank.com,1/1/2024,1935,USD,US,SUCCESS,OK
TXN937,AC000937,user937@bank.com,1/1/2024,1936,USD,US,SUCCESS,OK
TXN938,AC000938,user938@bank.com,1/1/2024,1937,USD,US,SUCCESS,OK
TXN939,AC000939,user939@bank.com,1/1/2024,1938,USD,US,SUCCESS,OK
TXN940,AC000940,user940@bank.com,1/1/2024,1939,USD,US,SUCCESS,OK
TXN941,AC000941,user941@bank.com,1/1/2024,1940,USD,US,SUCCESS,OK
TXN942,AC000942,user942@bank.com,1/1/2024,1941,USD,US,SUCCESS,OK
TXN943,AC000943,user943@bank.com,1/1/2024,1942,USD,US,SUCCESS,OK
TXN944,AC000944,user944@bank.com,1/1/2024,1943,USD,US,SUCCESS,OK
TXN945,AC000945,user945@bank.com,1/1/2024,1944,USD,US,SUCCESS,OK
TXN946,AC000946,user946@bank.com,1/1/2024,1945,USD,US,SUCCESS,OK
TXN947,AC000947,user947@bank.com,1/1/2024,1946,USD,US,SUCCESS,OK
TXN948,AC000948,user948@bank.com,1/1/2024,1947,USD,US,SUCCESS,OK
TXN949,AC000949,user949@bank.com,1/1/2024,1948,USD,US,SUCCESS,OK
TXN950,AC000950,user950@bank.com,1/1/2024,1949,USD,US,SUCCESS,OK
TXN951,AC000951,user951@bank.com,1/1/2024,1950,USD,US,SUCCESS,OK
TXN952,AC000952,user952@bank.com,1/1/2024,1951,USD,US,SUCCESS,OK
TXN953,AC000953,user953@bank.com,1/1/2024,1952,USD,US,SUCCESS,OK
TXN954,AC000954,user954@bank.com,1/1/2024,1953,USD,US,SUCCESS,OK
TXN955,AC000955,user955@bank.com,1/1/2024,1954,USD,US,SUCCESS,OK
TXN956,AC000956,user956@bank.com,1/1/2024,1955,USD,US,SUCCESS,OK
TXN957,AC000957,user957@bank.com,1/1/2024,1956,USD,US,SUCCESS,OK
TXN958,AC000958,user958@bank.com,1/1/2024,1957,USD,US,SUCCESS,OK
TXN959,AC000959,user959@bank.com,1/1/2024,1958,USD,US,SUCCESS,OK
TXN960,AC000960,user960@bank.com,1/1/2024,1959,USD,US,SUCCESS,OK
TXN961,AC000961,user961@bank.com,1/1/2024,1960,USD,US,SUCCESS,OK
TXN962,AC000962,user962@bank.com,1/1/2024,1961,USD,US,SUCCESS,OK
TXN963,AC000963,user963@bank.com,1/1/2024,1962,USD,US,SUCCESS,OK
TXN964,AC000964,user964@bank.com,1/1/2024,1963,USD,US,SUCCESS,OK
TXN965,AC000965,user965@bank.com,1/1/2024,1964,USD,US,SUCCESS,OK
TXN966,AC000966,user966@bank.com,1/1/2024,1965,USD,US,SUCCESS,OK
TXN967,AC000967,user967@bank.com,1/1/2024,1966,USD,US,SUCCESS,OK
TXN968,AC000968,user968@bank.com,1/1/2024,1967,USD,US,SUCCESS,OK
TXN969,AC000969,user969@bank.com,1/1/2024,1968,USD,US,SUCCESS,OK
TXN970,AC000970,user970@bank.com,1/1/2024,1969,USD,US,SUCCESS,OK
TXN971,AC000971,user971@bank.com,1/1/2024,1970,USD,US,SUCCESS,OK
TXN972,AC000972,user972@bank.com,1/1/2024,1971,USD,US,SUCCESS,OK
TXN973,AC000973,user973@bank.com,1/1/2024,1972,USD,US,SUCCESS,OK
TXN974,AC000974,user974@bank.com,1/1/2024,1973,USD,US,SUCCESS,OK
TXN975,AC000975,user975@bank.com,1/1/2024,1974,USD,US,SUCCESS,OK
TXN976,AC000976,user976@bank.com,1/1/2024,1975,USD,US,SUCCESS,OK
TXN977,AC000977,user977@bank.com,1/1/2024,1976,USD,US,SUCCESS,OK
TXN978,AC000978,user978@bank.com,1/1/2024,1977,USD,US,SUCCESS,OK
TXN979,AC000979,user979@bank.com,1/1/2024,1978,USD,US,SUCCESS,OK
TXN980,AC000980,user980@bank.com,1/1/2024,1979,USD,US,SUCCESS,OK
TXN981,AC000981,user981@bank.com,1/1/2024,1980,USD,US,SUCCESS,OK
TXN982,AC000982,user982@bank.com,1/1/2024,1981,USD,US,SUCCESS,OK
TXN983,AC000983,user983@bank.com,1/1/2024,1982,USD,US,SUCCESS,OK
TXN984,AC000984,user984@bank.com,1/1/2024,1983,USD,US,SUCCESS,OK
TXN985,AC000985,user985@bank.com,1/1/2024,1984,USD,US,SUCCESS,OK
TXN986,AC000986,user986@bank.com,1/1/2024,1985,USD,US,SUCCESS,OK
TXN987,AC000987,user987@bank.com,1/1/2024,1986,USD,US,SUCCESS,OK
TXN988,AC000988,user988@bank.com,1/1/2024,1987,USD,US,SUCCESS,OK
TXN989,AC000989,user989@bank.com,1/1/2024,1988,USD,US,SUCCESS,OK
TXN990,AC000990,user990@bank.com,1/1/2024,1989,USD,US,SUCCESS,OK
TXN991,AC000991,user991@bank.com,1/1/2024,1990,USD,US,SUCCESS,OK
TXN992,AC000992,user992@bank.com,1/1/2024,1991,USD,US,SUCCESS,OK
TXN993,AC000993,user993@bank.com,1/1/2024,1992,USD,US,SUCCESS,OK
TXN994,AC000994,user994@bank.com,1/1/2024,1993,USD,US,SUCCESS,OK
TXN995,AC000995,user995@bank.com,1/1/2024,1994,USD,US,SUCCESS,OK
TXN996,AC000996,user996@bank.com,1/1/2024,1995,USD,US,SUCCESS,OK
TXN997,AC000997,user997@bank.com,1/1/2024,1996,USD,US,SUCCESS,OK
TXN998,AC000998,user998@bank.com,1/1/2024,1997,USD,US,SUCCESS,OK
TXN999,AC000999,user999@bank.com,1/1/2024,1998,USD,US,SUCCESS,OK
TXN1000,AC001000,user1000@bank.com,1/1/2024,1999,USD,US,SUCCESS,OK
